look_id,original,no_colour,blur_4,blur_10,no_pattern
2001_FW_034,69.2,84.2,81.7,3.3,0.8
2001_FW_029,69.2,81.7,65.0,7.5,0.0
2001_FW_015,54.2,44.2,45.0,10.8,0.0
2001_FW_020,72.5,81.7,75.8,34.2,0.0
2001_FW_043,50.0,54.2,88.3,5.8,1.7
2003_SS_032,1.7,1.7,1.7,0.0,0.0
2003_SS_052,41.7,27.5,32.5,7.5,1.7
2003_SS_029,42.5,87.5,23.3,0.0,0.0
2003_SS_044,85.0,14.2,69.2,37.5,1.7
2003_SS_036,37.5,41.7,41.7,0.8,8.3
2005_SS_035,40.8,46.7,6.7,0.0,0.0
2005_SS_046,71.7,36.7,10.0,0.0,0.0
2005_SS_011,90.0,44.2,33.3,2.5,0.0
2005_SS_039,2.5,2.5,0.0,0.0,0.0
2005_SS_022,0.0,0.0,0.0,0.0,0.0
2008_SS_055,82.5,40.8,18.3,4.2,0.0
2008_SS_041,52.5,16.7,13.3,2.5,1.7
2008_SS_010,6.7,4.2,2.5,0.0,0.0
2008_SS_051,21.7,2.5,9.2,0.8,0.0
2008_SS_001,55.0,53.3,3.3,0.8,4.2
2011_FW_009,86.7,80.8,50.8,5.8,0.0
2011_FW_016,96.7,95.0,87.5,39.2,4.2
2011_FW_014,35.8,48.3,0.8,0.0,0.8
2011_FW_037,100.0,90.8,44.2,4.2,0.8
2011_FW_001,97.5,45.8,95.8,3.3,0.0
2014_SS_021,34.2,25.0,9.2,1.7,0.0
2014_SS_024,35.0,55.0,54.2,3.3,0.0
2014_SS_027,0.8,10.0,0.0,0.8,3.3
2014_SS_019,77.5,60.8,47.5,10.8,0.8
2014_SS_010,36.7,31.7,1.7,0.0,0.8
2016_FW_024,90.0,41.7,65.0,11.7,1.7
2016_FW_032,96.7,65.8,49.2,5.8,4.2
2016_FW_012,41.7,41.7,35.8,4.2,0.8
2016_FW_041,40.8,15.0,35.8,11.7,4.2
2016_FW_027,15.0,47.5,20.8,14.2,4.2
2019_SS_036,53.3,70.8,4.2,2.5,7.5
2019_SS_018,21.7,16.7,20.0,3.3,4.2
2019_SS_045,63.3,56.7,38.3,7.5,0.8
2019_SS_005,35.0,56.7,5.8,4.2,4.2
2019_SS_062,92.5,89.2,21.7,1.7,3.3
2023_FW_012,7.5,7.5,0.0,0.0,0.0
2023_FW_033,61.7,59.2,5.0,4.2,2.5
2023_FW_014,62.5,33.3,17.5,32.5,2.5
2023_FW_025,59.2,30.8,25.8,4.2,0.0
2023_FW_004,27.5,49.2,26.7,4.2,0.8
