look_id,color_0,color_1,color_2,color_3,color_4,color_5,color_6,color_7,color_8,color_9,color_10,color_11,color_12,color_13,color_14,color_15,color_16,color_17,color_18,color_19,color_20,color_21,color_22,color_23,color_24,color_25,color_26,color_27,color_28,color_29,color_30,color_31,color_32,color_33,color_34,color_35,color_36,color_37,color_38,color_39,color_40,color_41,color_42,color_43,color_44,color_45,color_46,color_47,color_48,color_49,color_50,color_51,color_52,color_53,color_54,color_55,color_56,color_57,color_58,color_59,color_60,color_61,color_62,color_63,color_64,color_65,color_66,color_67,color_68,pattern_complexity,edge_regularity,edge_dir_0,edge_dir_1,edge_dir_2,edge_dir_3,edge_dir_4,edge_dir_5,edge_dir_6,edge_dir_7
2001_FW_001,0.0,0.0,0.0,0.0,0.0,0.0,0.0,0.0,0.0,0.0,0.0,0.0,0.0,0.0,0.0,0.0,0.0,0.0,0.0,0.05773,0.0,0.0,0.0,0.0,0.0,0.0,0.03717,0.19586,0.26743,0.16986,0.01561,0.0,0.0,0.0,0.01275,0.23213,0.50958,0.67518,0.10818,0.0,0.0,0.0,0.0,0.01803,0.10893,0.12427,0.05257,0.0,0.0,0.0,0.0,0.0,0.02208,0.1093,0.05179,0.0,0.0,0.0,0.0,0.0,0.0,0.05019,0.15693,0.04855,0.34375,0.40074,0.6916,0.43613,0.2296,0.58037,0.02935,0.43021,0.32196,0.28318,0.27477,0.40374,0.28774,0.33493,0.44452
2001_FW_006,0.0,0.0,0.0,0.0,0.0,0.0,0.0,0.0,0.0,0.0,0.0,0.0,0.0,0.0,0.0,0.0,0.0,0.0,0.0,0.0,0.0,0.0,0.0,0.0,0.0,0.0,0.0,0.01044,0.28339,0.08055,0.0,0.0,0.0,0.0,0.0,0.11534,0.24074,0.20382,0.27677,0.18548,0.0,0.0,0.0,0.04842,0.09513,0.16934,0.31517,0.52419,0.0,0.0,0.0,0.0,0.03218,0.05116,0.26105,0.45089,0.0,0.0,0.0,0.0,0.0,0.0,0.0,0.0,0.15939,0.17111,0.61134,0.64484,0.39467,0.14936,0.23223,0.61846,0.33468,0.21655,0.23453,0.2436,0.20128,0.23795,0.49712
2001_FW_010,0.0,0.0,0.0,0.0,0.0,0.0,0.0,0.0,0.0,0.0,0.0,0.0,0.0,0.0,0.0,0.0,0.0,0.0,0.0,0.0,0.0,0.0,0.0,0.0,0.0,0.0,0.0,0.04608,0.07039,0.06848,0.24494,0.28016,0.0,0.0,0.02103,0.81046,0.37908,0.11521,0.1248,0.03392,0.0,0.0,0.0,0.0,0.12408,0.05799,0.0,0.0,0.0,0.0,0.0,0.0,0.0,0.0,0.0,0.0,0.0,0.0,0.0,0.0,0.0,0.0,0.0,0.0,0.46656,0.75524,0.20844,0.25188,0.32409,0.12782,0.11974,0.4373,0.28891,0.28175,0.42956,0.42964,0.24235,0.24731,0.39611
2001_FW_015,0.0,0.0,0.0,0.0,0.0,0.0,0.0,0.0,0.0,0.0,0.0,0.0,0.0,0.0,0.0,0.0,0.0,0.0,0.0,0.0,0.02095,0.0,0.0,0.0,0.0,0.0,0.02095,0.366,0.60596,0.0,0.0,0.0,0.0,0.0,0.0,0.31896,0.60806,0.15955,0.0,0.0,0.0,0.0,0.0,0.0,0.02095,0.02479,0.0,0.0,0.0,0.0,0.0,0.0,0.0,0.0,0.0,0.0,0.0,0.0,0.0,0.0,0.0,0.0,0.0,0.0,0.42493,0.40775,0.53074,0.5214,0.31564,0.64969,0.00389,0.46568,0.36381,0.33107,0.32193,0.3349,0.2914,0.30569,0.38343
2001_FW_020,0.0,0.0,0.0,0.0,0.0,0.0,0.0,0.0,0.0,0.0,0.0,0.00799,0.0,0.0,0.0,0.0,0.0,0.0,0.0,0.0288,0.0,0.0,0.0,0.0,0.0,0.0,0.0,0.05239,0.2435,0.01598,0.0,0.0,0.0,0.0,0.0113,0.28493,0.90604,0.18253,0.02397,0.0,0.0,0.0,0.0,0.0,0.0113,0.01957,0.01384,0.0,0.0,0.0,0.0,0.0,0.0,0.0,0.0,0.0,0.0,0.0,0.0,0.0,0.0,0.0,0.0,0.0,0.27767,0.25035,0.35052,0.45977,0.72524,0.39405,0.06798,0.45747,0.25249,0.27705,0.43123,0.41995,0.27417,0.27941,0.36696
2001_FW_025,0.0,0.0,0.0,0.0,0.0,0.0,0.0,0.0,0.0,0.0,0.0,0.0,0.0,0.0,0.0,0.0,0.0,0.0,0.0,0.0,0.0,0.0,0.0,0.0,0.0,0.0,0.0,0.07752,0.15859,0.0,0.0,0.0,0.0,0.0,0.0,0.3801,0.85517,0.0227,0.0,0.0,0.0,0.0,0.0,0.0,0.10276,0.04724,0.0,0.0,0.0,0.0,0.0,0.0,0.06809,0.08692,0.01853,0.0,0.0,0.0,0.0,0.0,0.02621,0.23893,0.09717,0.0,0.33112,0.62293,0.59478,0.36844,0.11314,0.5267,0.21431,0.3016,0.25023,0.36892,0.45293,0.49058,0.32698,0.25874,0.30107
2001_FW_029,0.0,0.0,0.0,0.0,0.0,0.0,0.0,0.0,0.0,0.0,0.0,0.0,0.0,0.0,0.0,0.0,0.0,0.0,0.0,0.0,0.0,0.0,0.0,0.0,0.0,0.0,0.0,0.18008,0.14155,0.07801,0.0,0.0,0.0,0.0,0.0,0.50104,0.41999,0.42847,0.03552,0.0,0.0,0.0,0.0,0.01492,0.17034,0.4199,0.09117,0.0,0.0,0.0,0.0,0.0,0.02857,0.23873,0.1524,0.0,0.0,0.0,0.0,0.0,0.0,0.0746,0.16902,0.01218,0.55933,0.18294,0.3673,0.51693,0.50156,0.53861,0.0113,0.38215,0.33922,0.36132,0.36097,0.39012,0.30845,0.31306,0.36427
2001_FW_034,0.0,0.0,0.0,0.0,0.0,0.0,0.0,0.0,0.0,0.0,0.0,0.0,0.0,0.0,0.0,0.0,0.0,0.0,0.0,0.0,0.0,0.0,0.0,0.0,0.0,0.0,0.72168,0.55726,0.10214,0.0,0.0,0.0,0.0,0.0,0.02236,0.15655,0.21401,0.17892,0.03274,0.0,0.0,0.0,0.0,0.0,0.02071,0.22901,0.0378,0.0,0.0,0.0,0.0,0.0,0.0,0.0,0.0,0.0,0.0,0.0,0.0,0.0,0.0,0.0,0.0,0.0,0.14195,0.31322,0.77229,0.48816,0.21683,0.19973,0.05086,0.51863,0.33944,0.2436,0.24451,0.35761,0.30987,0.29929,0.42802
2001_FW_039,0.0,0.0,0.0,0.0,0.0,0.0,0.0,0.0,0.0,0.0,0.0,0.0,0.0,0.0,0.0,0.0,0.0,0.0,0.0,0.0,0.0,0.0,0.0,0.0,0.0,0.0,0.0,0.02302,0.33375,0.15585,0.11896,0.0,0.0,0.0,0.0,0.06794,0.62469,0.61455,0.27495,0.0,0.0,0.0,0.0,0.0,0.0174,0.03369,0.0087,0.0,0.0,0.0,0.0,0.0,0.0,0.0,0.0,0.0,0.0,0.0,0.0,0.0,0.0,0.0,0.0,0.0,0.20677,0.24076,0.3666,0.62819,0.60849,0.32496,0.07573,0.39827,0.25704,0.24289,0.28874,0.42152,0.28054,0.28,0.54604
2001_FW_043,0.0,0.0,0.0,0.0,0.0,0.0,0.0,0.0,0.0,0.0,0.0,0.0,0.0,0.0,0.0,0.0,0.0,0.0,0.0,0.0,0.0,0.0,0.0,0.0,0.0,0.0,0.0,0.16802,0.20946,0.03906,0.0,0.0,0.0,0.0,0.0,0.44239,0.49958,0.42164,0.09078,0.0,0.0,0.0,0.0,0.01513,0.19995,0.4411,0.1594,0.0,0.0,0.0,0.0,0.0,0.0214,0.15355,0.09959,0.0,0.0,0.0,0.0,0.0,0.0,0.01235,0.02762,0.0,0.6065,0.41508,0.55342,0.36195,0.15028,0.46524,0.26635,0.60598,0.31077,0.20638,0.21434,0.23729,0.17294,0.2685,0.53793
2001_FW_048,0.0,0.0,0.0,0.0,0.0,0.0,0.0,0.0,0.0,0.0,0.0,0.0,0.0,0.0,0.0,0.0,0.0,0.0,0.0,0.0,0.0,0.0,0.0,0.0,0.0,0.0,0.0,0.05365,0.15556,0.06571,0.01341,0.0,0.0,0.0,0.0,0.47736,0.6827,0.51103,0.08796,0.0,0.0,0.0,0.0,0.0,0.0,0.03794,0.06363,0.00948,0.0,0.0,0.0,0.0,0.0,0.0,0.0,0.0,0.0,0.0,0.0,0.0,0.0,0.0,0.0,0.0,0.49421,0.09389,0.18046,0.49019,0.68854,0.32257,0.04376,0.45007,0.31474,0.37298,0.35514,0.40265,0.30135,0.30354,0.29676
2001_FW_053,0.0,0.0,0.0,0.0,0.0,0.0,0.0,0.0,0.0,0.0,0.0,0.0,0.0,0.0,0.0,0.0,0.0,0.0,0.0,0.0,0.0,0.0,0.0,0.0,0.0,0.0,0.0,0.16292,0.35088,0.27067,0.26904,0.12789,0.0,0.0,0.0,0.58432,0.48665,0.31946,0.0773,0.0,0.0,0.0,0.0,0.0,0.01714,0.03282,0.02618,0.0,0.0,0.0,0.0,0.0,0.0,0.0,0.0,0.0,0.0,0.0,0.0,0.0,0.0,0.0,0.0,0.0,0.72428,0.35751,0.33649,0.33982,0.34482,0.25816,0.08272,0.52276,0.25575,0.22857,0.28093,0.30251,0.22116,0.29239,0.55157
2001_FW_058,0.0,0.0,0.0,0.0,0.0,0.0,0.0,0.0,0.0,0.0,0.0,0.0,0.0,0.0,0.0,0.0,0.0,0.0,0.0,0.0,0.0,0.0,0.0,0.0,0.0,0.0,0.0,0.05682,0.06959,0.01304,0.0,0.0,0.0,0.0,0.0,0.30489,0.40548,0.36302,0.48985,0.05453,0.0,0.0,0.0,0.0,0.13294,0.35064,0.46757,0.02061,0.0,0.0,0.0,0.0,0.0,0.0,0.0,0.0,0.0,0.0,0.0,0.0,0.0,0.0,0.0,0.0,0.44178,0.34193,0.59767,0.56267,0.11876,0.26933,0.13328,0.62431,0.32234,0.23898,0.24019,0.24914,0.20819,0.28018,0.45565
2001_FW_062,0.0,0.0,0.0,0.0,0.0,0.0,0.0,0.0,0.0,0.0,0.0,0.0,0.0,0.0,0.0,0.0,0.0,0.0,0.0,0.0,0.0,0.0,0.0,0.0,0.0,0.0,0.0,0.15804,0.62277,0.54466,0.18994,0.0,0.0,0.0,0.0,0.2923,0.39107,0.12435,0.0,0.0,0.0,0.0,0.0,0.0,0.01408,0.01991,0.0,0.0,0.0,0.0,0.0,0.0,0.0,0.0,0.0,0.0,0.0,0.0,0.0,0.0,0.0,0.0,0.0,0.0,0.631,0.49898,0.51684,0.27805,0.09179,0.42878,0.0718,0.56212,0.36977,0.27901,0.25384,0.24927,0.20859,0.28879,0.46471
2001_FW_067,0.0,0.0,0.0,0.0,0.0,0.0,0.0,0.0,0.0,0.0,0.00946,0.00946,0.0,0.0,0.0,0.0,0.0,0.0,0.11078,0.12449,0.0,0.0,0.0,0.0,0.0,0.0,0.05986,0.88088,0.1454,0.00946,0.0,0.0,0.0,0.02677,0.08979,0.39036,0.10017,0.00946,0.0,0.0,0.0,0.0,0.0,0.0,0.0,0.0,0.0,0.0,0.0,0.0,0.0,0.0,0.0,0.0,0.0,0.0,0.0,0.0,0.0,0.0,0.0,0.0,0.0,0.0,0.80239,0.44151,0.29447,0.22358,0.15667,0.21172,0.00891,0.51937,0.36555,0.33115,0.25469,0.29858,0.25379,0.29015,0.42937
2003_SS_001,0.0,0.0,0.0,0.0,0.0,0.0,0.0,0.0,0.0,0.0,0.0,0.0,0.0,0.0,0.0,0.0,0.0,0.0,0.0,0.0,0.0,0.0,0.0,0.0,0.0,0.0,0.0,0.35853,0.38986,0.0,0.0,0.0,0.0,0.0,0.0,0.61965,0.54257,0.10755,0.03414,0.0,0.0,0.0,0.0,0.0,0.07576,0.11144,0.03667,0.0,0.0,0.0,0.0,0.0,0.00947,0.07634,0.0544,0.0,0.0,0.0,0.0,0.0,0.0,0.0,0.0,0.0,0.65964,0.24465,0.3405,0.35727,0.51131,0.40301,0.01265,0.41371,0.30594,0.36983,0.3395,0.38888,0.30578,0.32848,0.36135
2003_SS_005,0.0,0.0,0.0,0.0,0.0,0.0,0.0,0.0,0.0,0.0,0.0,0.0,0.0,0.0,0.0,0.0,0.0,0.0,0.0,0.02946,0.02809,0.0,0.0,0.0,0.0,0.0,0.0,0.16112,0.27205,0.02946,0.01539,0.0,0.0,0.0,0.0,0.14199,0.62959,0.30077,0.09872,0.06312,0.0,0.0,0.0,0.0,0.15927,0.34637,0.12687,0.02738,0.0,0.0,0.0,0.0,0.01256,0.19186,0.31128,0.17339,0.0,0.0,0.0,0.0,0.0,0.00628,0.10604,0.19783,0.31643,0.35731,0.54054,0.40546,0.5618,0.38654,0.10609,0.32782,0.26358,0.30938,0.43795,0.51567,0.30429,0.2456,0.34163
2003_SS_009,0.0,0.0,0.0,0.0,0.0,0.0,0.0,0.0,0.0,0.0,0.0,0.0,0.0,0.0,0.0,0.0,0.0,0.0,0.0,0.0,0.0,0.0,0.0,0.0,0.0,0.0,0.0,0.16738,0.21955,0.0425,0.0,0.0,0.0,0.01522,0.05814,0.5668,0.64642,0.34824,0.03192,0.0,0.0,0.018,0.07577,0.19757,0.0979,0.03909,0.01925,0.0068,0.0,0.0,0.01667,0.0068,0.0,0.0,0.0,0.0,0.0,0.0,0.0,0.0,0.0,0.0,0.0,0.0,0.58856,0.23651,0.26816,0.49968,0.52542,0.34927,0.03304,0.38312,0.28827,0.35858,0.39858,0.44005,0.29349,0.30136,0.33478
2003_SS_013,0.0,0.0,0.0,0.0,0.0,0.0,0.0,0.0,0.0,0.0,0.0,0.0,0.0,0.00712,0.0,0.0,0.0,0.0,0.0,0.01232,0.02565,0.02465,0.05736,0.07462,0.0,0.0,0.01423,0.1996,0.27354,0.23641,0.21262,0.12075,0.0,0.0,0.0,0.36841,0.6138,0.39711,0.20175,0.07859,0.0,0.0,0.0,0.0,0.06482,0.13742,0.09833,0.045,0.0,0.0,0.0,0.0,0.0,0.02662,0.07563,0.02565,0.0,0.0,0.0,0.0,0.0,0.0,0.0,0.01423,0.60579,0.2311,0.34214,0.53452,0.42051,0.41959,0.02909,0.42097,0.32106,0.31794,0.35964,0.42552,0.30479,0.32242,0.3337
2003_SS_017,0.0,0.0,0.0,0.0,0.0,0.0,0.02312,0.08305,0.0,0.0,0.0,0.0,0.0,0.03728,0.10771,0.14949,0.0,0.0,0.0,0.0,0.03507,0.14216,0.23546,0.16673,0.0,0.0,0.0,0.07599,0.34713,0.28053,0.16496,0.04682,0.0,0.0,0.0,0.31669,0.63658,0.21342,0.05472,0.01935,0.0,0.0,0.0,0.0,0.12956,0.12956,0.05013,0.01266,0.0,0.0,0.0,0.0,0.02312,0.08682,0.07703,0.0,0.0,0.0,0.0,0.0,0.0,0.03799,0.10796,0.01935,0.59236,0.35452,0.34277,0.38292,0.50922,0.40805,0.08459,0.43618,0.47382,0.34162,0.29493,0.26753,0.22975,0.30419,0.40578
2003_SS_021,0.0,0.0,0.0,0.0,0.0,0.0,0.0,0.0,0.0,0.0,0.04013,0.02838,0.0,0.0,0.0,0.0,0.0,0.0,0.10404,0.19082,0.272,0.00946,0.0,0.0,0.0,0.0,0.0341,0.19035,0.3368,0.05831,0.0,0.0,0.0,0.0,0.07078,0.20462,0.43744,0.57626,0.10908,0.0,0.0,0.00946,0.078,0.039,0.13933,0.30252,0.07507,0.0,0.0,0.0,0.0,0.0,0.01338,0.09784,0.07626,0.0,0.0,0.0,0.0,0.0,0.0,0.0,0.0,0.0,0.39838,0.53563,0.41531,0.46017,0.4125,0.42645,0.13457,0.3714,0.26765,0.34229,0.47723,0.47216,0.28952,0.23825,0.28635
2003_SS_025,0.0,0.0,0.0,0.0,0.0,0.0,0.0,0.0,0.0,0.0,0.0,0.0,0.0,0.0,0.0,0.0,0.0,0.0,0.0,0.01473,0.00659,0.0,0.00659,0.02375,0.0,0.0,0.01473,0.12322,0.29528,0.06876,0.06781,0.04268,0.0,0.0,0.03726,0.17624,0.61089,0.26648,0.09102,0.03783,0.0,0.0,0.0,0.03952,0.14668,0.22393,0.19516,0.09657,0.0,0.0,0.0,0.03422,0.05186,0.11138,0.35272,0.32574,0.0,0.0,0.0,0.01863,0.02083,0.02634,0.08861,0.14932,0.53665,0.50484,0.52835,0.29053,0.30592,0.4468,0.01132,0.42005,0.32399,0.34591,0.36372,0.39316,0.28987,0.30299,0.36911
2003_SS_029,0.0,0.0,0.0,0.0,0.0,0.0,0.0,0.0,0.0,0.0,0.0,0.0,0.0,0.0,0.0,0.0,0.0,0.0,0.0,0.0166,0.0,0.0,0.0,0.0,0.0,0.0,0.01355,0.15044,0.19414,0.10649,0.0849,0.03249,0.0,0.0,0.02347,0.29222,0.58608,0.28619,0.1509,0.06569,0.0,0.0,0.00958,0.33919,0.45148,0.14245,0.06776,0.03455,0.0,0.0,0.0,0.00678,0.10073,0.11697,0.04177,0.01515,0.0,0.0,0.0,0.0,0.03951,0.07696,0.05292,0.0,0.21103,0.29844,0.3907,0.66715,0.51833,0.33491,0.02826,0.44881,0.36636,0.34054,0.30502,0.30928,0.28609,0.33473,0.40719
2003_SS_032,0.0,0.0,0.0,0.0,0.0,0.0,0.0,0.0,0.0,0.0,0.01454,0.01626,0.0,0.0,0.0,0.0,0.0,0.0,0.14508,0.21986,0.13009,0.0,0.0,0.0,0.0,0.0,0.07452,0.33931,0.25608,0.03252,0.0,0.0,0.0,0.0,0.07627,0.44793,0.58463,0.22916,0.01454,0.0,0.0,0.0,0.16535,0.16048,0.17132,0.14361,0.03779,0.0,0.0,0.00727,0.02182,0.0,0.01028,0.07308,0.09537,0.02519,0.0,0.0,0.0,0.0,0.0,0.0,0.02519,0.06381,0.25086,0.3612,0.39638,0.6257,0.50791,0.48478,0.04817,0.41738,0.38032,0.37642,0.20718,0.28615,0.2969,0.3343,0.4634
2003_SS_036,0.0,0.0,0.0,0.0,0.0,0.0,0.0,0.0,0.0,0.0,0.0,0.0,0.0,0.0,0.0,0.0,0.0,0.0,0.0,0.0,0.0,0.0,0.0,0.0,0.0,0.0,0.0,0.087,0.3336,0.14927,0.13051,0.04879,0.0,0.01353,0.05003,0.32704,0.81145,0.18914,0.08006,0.01747,0.0,0.0,0.0,0.03221,0.09759,0.06152,0.0358,0.0,0.0,0.0,0.0,0.02344,0.05688,0.04816,0.02067,0.0,0.0,0.0,0.0,0.01353,0.0442,0.06721,0.00781,0.0,0.67501,0.34985,0.29362,0.35956,0.45439,0.43202,0.11006,0.48538,0.33288,0.27162,0.2674,0.29103,0.25309,0.32391,0.50463
2003_SS_040,0.0,0.0,0.0,0.0,0.0,0.0,0.0,0.0,0.0,0.0,0.00831,0.01176,0.0,0.0,0.0,0.0,0.0,0.0,0.03377,0.09051,0.03944,0.0,0.0,0.0,0.0,0.0,0.02352,0.23274,0.25034,0.02352,0.0,0.0,0.0,0.0,0.00588,0.33718,0.59306,0.29232,0.10793,0.0,0.0,0.0,0.0,0.0144,0.20068,0.32138,0.08661,0.0,0.0,0.0,0.0,0.0,0.06222,0.22542,0.27746,0.08439,0.0,0.0,0.0,0.01018,0.06573,0.08858,0.02694,0.0732,0.2651,0.39563,0.54301,0.45206,0.52343,0.47148,0.03836,0.48855,0.35188,0.37289,0.33701,0.35048,0.24229,0.25543,0.37161
2003_SS_044,0.0,0.0,0.0,0.0,0.0,0.0,0.0,0.0,0.0,0.0,0.0,0.0,0.0,0.0,0.0,0.0,0.0,0.0,0.0,0.0,0.0,0.0,0.0,0.01186,0.0,0.0,0.0,0.09855,0.25965,0.18341,0.07734,0.03559,0.0,0.0,0.0,0.3788,0.75839,0.23233,0.06711,0.01453,0.0,0.0,0.0,0.04745,0.22572,0.11714,0.02373,0.0,0.0,0.0,0.0,0.07118,0.123,0.06333,0.04671,0.02653,0.0,0.0,0.0,0.06552,0.07019,0.02219,0.01453,0.0,0.06329,0.21829,0.49426,0.67338,0.50061,0.6339,0.01339,0.39897,0.36615,0.38919,0.34206,0.33114,0.29192,0.3167,0.37831
2003_SS_048,0.0,0.0,0.0,0.0,0.0,0.0,0.0,0.0,0.0,0.0,0.0,0.0,0.0,0.0,0.0,0.0,0.0,0.0,0.0,0.0,0.0,0.0,0.0,0.0,0.0,0.0,0.0,0.09327,0.19633,0.0,0.0,0.0,0.0,0.0,0.0,0.31871,0.87152,0.08003,0.0,0.0,0.0,0.0,0.0,0.01795,0.27605,0.09327,0.0,0.0,0.0,0.0,0.0,0.0,0.0,0.0,0.0,0.0,0.0,0.0,0.0,0.0,0.0,0.0,0.0,0.0,0.65715,0.48266,0.451,0.33154,0.14789,0.52564,0.36325,0.67285,0.32924,0.19553,0.22295,0.26656,0.15508,0.2165,0.45712
2003_SS_052,0.0,0.0,0.0,0.0,0.0,0.0,0.0,0.0,0.0,0.0,0.0,0.0,0.0,0.0,0.0,0.0,0.0,0.0,0.0,0.0,0.0,0.0,0.0,0.01322,0.0,0.0,0.0,0.10305,0.36067,0.17364,0.18211,0.13819,0.0,0.0,0.0,0.35903,0.75947,0.23816,0.06901,0.00661,0.0,0.0,0.0,0.06409,0.0613,0.02383,0.0,0.0,0.0,0.0,0.0,0.02473,0.0209,0.0,0.0,0.0,0.0,0.0,0.0,0.0,0.0,0.0,0.0,0.0,0.67505,0.3609,0.23002,0.31375,0.51254,0.25712,0.1962,0.58637,0.25041,0.224,0.23478,0.32523,0.23592,0.25826,0.50994
2003_SS_056,0.0,0.0,0.0,0.0,0.0,0.0,0.0,0.0,0.0,0.0,0.0,0.0224,0.0,0.0,0.0,0.0,0.0,0.0,0.0,0.10627,0.13111,0.04946,0.01372,0.0112,0.0,0.0,0.00792,0.2076,0.3801,0.19722,0.17992,0.16652,0.0,0.0,0.02964,0.36141,0.5613,0.27529,0.13442,0.08269,0.0,0.0,0.0,0.0695,0.08531,0.20069,0.16096,0.15622,0.0,0.0,0.0,0.03715,0.04338,0.02744,0.09065,0.13833,0.0,0.0,0.0,0.0112,0.00792,0.0112,0.0,0.0,0.5761,0.39298,0.37949,0.40518,0.45332,0.50358,0.11699,0.48963,0.45352,0.29394,0.23904,0.22519,0.22837,0.31916,0.45422
2005_SS_001,0.0,0.0,0.0,0.0,0.0,0.0,0.0,0.0,0.0,0.0,0.0,0.0,0.0,0.0,0.0,0.0,0.0,0.0,0.0,0.0,0.0,0.0,0.0,0.0,0.0,0.0,0.02753,0.09713,0.36319,0.03784,0.0,0.0,0.0,0.0,0.01298,0.08707,0.85432,0.32797,0.00918,0.0,0.0,0.0,0.0,0.0,0.05507,0.07109,0.0,0.00918,0.0,0.0,0.0,0.0,0.01298,0.02902,0.01298,0.00918,0.0,0.0,0.0,0.0,0.0,0.01836,0.03671,0.00918,0.00917,0.17903,0.48229,0.84964,0.11565,0.23988,0.18449,0.56069,0.31048,0.24898,0.21396,0.20212,0.20018,0.27677,0.56915
2005_SS_004,0.0,0.0,0.0,0.0,0.0,0.0,0.0,0.0,0.0,0.0,0.0,0.0,0.0,0.0,0.0,0.0,0.0,0.0,0.01496,0.43025,0.18381,0.0,0.0,0.0,0.0,0.0,0.02443,0.40016,0.73721,0.05857,0.0,0.0,0.0,0.0,0.0,0.05857,0.20217,0.16589,0.02443,0.0,0.0,0.0,0.0,0.0,0.0,0.02864,0.0,0.0,0.0,0.0,0.0,0.0,0.0,0.0,0.0,0.0,0.0,0.0,0.0,0.0,0.0,0.0,0.0,0.0,0.03114,0.20419,0.47381,0.7901,0.32953,0.45719,0.06417,0.52901,0.3266,0.25947,0.26326,0.28896,0.24872,0.34033,0.4644
2005_SS_008,0.0,0.0,0.0,0.0,0.0,0.0,0.0,0.0,0.0,0.0,0.0,0.0,0.0,0.0,0.0,0.0,0.0,0.0,0.0,0.0,0.0,0.0,0.0,0.0,0.0,0.0,0.0,0.08422,0.11447,0.0883,0.01645,0.0,0.0,0.0,0.00736,0.14458,0.60904,0.62933,0.07432,0.0,0.0,0.0,0.0,0.02753,0.25881,0.30985,0.04654,0.0,0.0,0.0,0.0,0.0,0.06023,0.08613,0.01041,0.0,0.0,0.0,0.0,0.0,0.02753,0.02081,0.0,0.0,0.22235,0.60027,0.66717,0.37652,0.05794,0.62355,0.01788,0.50327,0.35623,0.32679,0.30984,0.32672,0.26805,0.29657,0.38791
2005_SS_011,0.0,0.0,0.0,0.0,0.0,0.0,0.0,0.0,0.0,0.0,0.0,0.0,0.0,0.0,0.0,0.0,0.0,0.0,0.0,0.05416,0.13455,0.0,0.01831,0.00915,0.0,0.0,0.0,0.09818,0.38166,0.18515,0.17634,0.03486,0.0,0.0,0.0,0.15923,0.61057,0.28121,0.04343,0.0,0.0,0.0,0.0,0.14344,0.28615,0.12685,0.02047,0.0,0.0,0.0,0.0,0.04391,0.14633,0.16441,0.02334,0.0,0.0,0.0,0.0,0.0,0.15223,0.27181,0.10297,0.0,0.10912,0.26935,0.53906,0.70513,0.35743,0.38208,0.01264,0.40563,0.36582,0.35903,0.33706,0.33361,0.29613,0.34358,0.37695
2005_SS_015,0.0,0.0,0.0,0.0,0.0,0.0,0.0,0.0,0.0,0.0,0.0,0.0,0.0,0.0,0.0,0.0,0.0,0.0,0.0,0.0,0.0,0.04875,0.04202,0.0,0.0,0.0,0.0,0.05885,0.10391,0.15306,0.21073,0.10553,0.0,0.0,0.00824,0.07184,0.23409,0.46731,0.47801,0.54908,0.0,0.0,0.0,0.0,0.02018,0.07686,0.18166,0.23176,0.0,0.0,0.0,0.0,0.00824,0.02472,0.02018,0.01165,0.0,0.0,0.0,0.0,0.0,0.0,0.0,0.0,0.01378,0.09379,0.4419,0.88252,0.12998,0.18961,0.05103,0.52092,0.35022,0.26747,0.24919,0.27216,0.26693,0.32978,0.46721
2005_SS_018,0.0,0.0,0.0,0.0,0.0,0.0,0.0,0.0,0.0,0.0,0.0,0.0,0.0,0.0,0.0,0.0,0.0,0.0,0.0,0.0,0.0,0.0,0.0,0.0,0.0,0.0,0.0,0.03685,0.14684,0.03849,0.04536,0.05592,0.0,0.0,0.0,0.04351,0.95345,0.22516,0.03572,0.02722,0.0,0.0,0.0,0.0,0.03795,0.04398,0.00641,0.0,0.0,0.0,0.0,0.0,0.02313,0.0449,0.0,0.0,0.0,0.0,0.0,0.0,0.0,0.02796,0.0,0.0,0.02557,0.08009,0.15274,0.5738,0.80022,0.06616,0.05504,0.46891,0.37144,0.32202,0.27415,0.30037,0.26861,0.33973,0.43071
2005_SS_022,0.0,0.0,0.0,0.0,0.0,0.0,0.0,0.0,0.0,0.0,0.0,0.0,0.0,0.00704,0.0,0.0,0.0,0.0,0.0,0.0199,0.23409,0.17205,0.01407,0.0,0.0,0.0,0.01861,0.24312,0.4413,0.41176,0.04162,0.0,0.0,0.0,0.06749,0.17646,0.36075,0.42542,0.07643,0.02901,0.0,0.0,0.0,0.0,0.10647,0.26985,0.06525,0.06487,0.0,0.0,0.0,0.0,0.13859,0.09825,0.01861,0.00995,0.0,0.0,0.0,0.0,0.07071,0.09492,0.00704,0.0,0.21427,0.30658,0.56567,0.66667,0.3093,0.34025,0.0754,0.45094,0.56216,0.33086,0.29011,0.27471,0.22264,0.24506,0.31923
2005_SS_025,0.0,0.0,0.0,0.0,0.0,0.0,0.0,0.0,0.0,0.0,0.0,0.0,0.0,0.0,0.0,0.0,0.0,0.0,0.0,0.0,0.0,0.0,0.0,0.0,0.0,0.0,0.0,0.00875,0.05997,0.28692,0.50559,0.24609,0.0,0.0,0.0,0.02766,0.27867,0.4652,0.4876,0.25382,0.0,0.0,0.0,0.0,0.0,0.02395,0.01515,0.0,0.0,0.0,0.0,0.0,0.0,0.0,0.0,0.0,0.0,0.0,0.0,0.0,0.0,0.0,0.0,0.0,0.01749,0.06245,0.1707,0.80533,0.56401,0.14037,0.01587,0.40321,0.36348,0.39472,0.33938,0.3818,0.29232,0.29433,0.34129
2005_SS_028,0.0,0.0,0.0,0.0,0.0,0.0,0.0,0.0,0.0,0.0,0.0,0.0,0.0,0.0,0.0,0.0,0.0,0.0,0.0,0.0,0.0,0.0085,0.0,0.0,0.0,0.0,0.0,0.02477,0.08748,0.08623,0.06663,0.019,0.0,0.0,0.0,0.06797,0.33907,0.42518,0.30327,0.73963,0.0,0.0,0.0,0.0,0.01202,0.06008,0.10017,0.14129,0.0,0.0,0.0,0.0,0.0,0.0,0.02327,0.07552,0.0,0.0,0.0,0.0,0.0,0.0,0.0,0.00601,0.03989,0.14118,0.26383,0.78262,0.54441,0.17892,0.03003,0.39111,0.29218,0.30823,0.41491,0.45562,0.26945,0.28171,0.36736
2005_SS_032,0.0,0.0,0.0,0.0,0.0,0.0,0.0,0.0,0.0,0.0,0.0,0.0,0.0,0.0,0.0,0.0,0.0,0.0,0.0,0.0,0.0,0.0,0.0,0.0,0.0,0.0,0.0,0.07092,0.77117,0.16756,0.02138,0.0,0.0,0.0,0.0,0.06271,0.57576,0.17633,0.03024,0.0,0.0,0.0,0.0,0.0,0.02138,0.03172,0.01352,0.00956,0.0,0.0,0.0,0.0,0.00956,0.0253,0.01913,0.0,0.0,0.0,0.0,0.0,0.0,0.00956,0.03704,0.0,0.05406,0.15172,0.43493,0.66935,0.5804,0.26686,0.1997,0.58436,0.26792,0.26267,0.25088,0.27233,0.21378,0.31138,0.48785
2005_SS_035,0.0,0.0,0.0,0.0,0.0,0.0,0.0,0.0,0.0,0.0,0.03901,0.01379,0.0,0.0,0.0,0.0,0.0,0.0069,0.8985,0.27753,0.0069,0.0,0.0,0.0,0.0,0.00975,0.24202,0.15708,0.07709,0.03961,0.01542,0.0,0.0,0.0,0.0,0.05206,0.09992,0.0609,0.02287,0.01194,0.0,0.0,0.0,0.01194,0.02486,0.03084,0.02287,0.0,0.0,0.0,0.0,0.0,0.0195,0.03084,0.01194,0.0,0.0,0.0,0.0,0.0,0.0,0.02925,0.03378,0.0,0.06125,0.2143,0.73343,0.6374,0.07827,0.13872,0.10388,0.52161,0.37941,0.26375,0.27096,0.31676,0.24934,0.28858,0.44181
2005_SS_039,0.0,0.0,0.0,0.0,0.0,0.0,0.0,0.0,0.0,0.0,0.0,0.0,0.0,0.0,0.0,0.0,0.0,0.0,0.01731,0.02783,0.03639,0.01,0.0,0.0,0.0,0.005,0.13458,0.32653,0.53818,0.22685,0.0,0.0,0.0,0.0,0.01499,0.12841,0.60614,0.30969,0.00866,0.0,0.0,0.0,0.0,0.01,0.17917,0.1386,0.00707,0.0,0.0,0.0,0.0,0.0,0.00866,0.0,0.0,0.0,0.0,0.0,0.0,0.0,0.0,0.0,0.0,0.0,0.04715,0.17162,0.40777,0.69329,0.56691,0.60896,0.12504,0.26603,0.27283,0.40293,0.53612,0.46491,0.26381,0.24056,0.24781
2005_SS_042,0.0,0.0,0.0,0.0,0.0,0.0,0.0,0.0,0.0,0.0,0.0,0.0,0.0,0.0,0.0,0.0,0.0,0.0,0.0,0.01839,0.10481,0.013,0.0,0.0,0.0,0.0,0.013,0.07746,0.8017,0.31976,0.04111,0.0,0.0,0.0,0.0,0.06235,0.38881,0.27623,0.06565,0.0,0.0,0.0,0.0,0.0,0.0,0.0,0.0,0.0,0.0,0.0,0.0,0.0,0.0,0.0,0.0,0.0,0.0,0.0,0.0,0.0,0.0,0.0,0.0,0.0,0.03314,0.14535,0.47872,0.76756,0.39932,0.4114,0.22208,0.61316,0.33548,0.21187,0.17705,0.22026,0.18034,0.30382,0.51177
2005_SS_046,0.0,0.0,0.0,0.0,0.0,0.0,0.0,0.0,0.0,0.0,0.0,0.0,0.0,0.01684,0.00972,0.0,0.0,0.0,0.0,0.096,0.15464,0.22149,0.0491,0.0,0.0,0.02174,0.08307,0.14156,0.33756,0.26015,0.05993,0.0,0.0,0.04713,0.1368,0.13611,0.54622,0.42545,0.20184,0.03437,0.0,0.0,0.0,0.00972,0.12336,0.21532,0.17214,0.04612,0.0,0.0,0.0,0.0,0.00972,0.07778,0.16571,0.02479,0.0,0.0,0.0,0.0,0.0,0.00687,0.114,0.03074,0.07468,0.21477,0.49469,0.77893,0.31119,0.34755,0.02206,0.44252,0.37964,0.36376,0.30275,0.31014,0.28433,0.34036,0.37841
2005_SS_049,0.0,0.0,0.0,0.0,0.0,0.0,0.0,0.0,0.0,0.0,0.0,0.0,0.0,0.0,0.0,0.0,0.0,0.0,0.0,0.0,0.0,0.0,0.0,0.0,0.0,0.0,0.0,0.04606,0.11495,0.12934,0.04606,0.01101,0.0,0.0,0.0,0.05878,0.22523,0.61177,0.61133,0.38801,0.0,0.0,0.0,0.0,0.0,0.03303,0.08091,0.07303,0.0,0.0,0.0,0.0,0.0,0.0,0.0,0.0,0.0,0.0,0.0,0.0,0.0,0.0,0.0,0.0,0.07485,0.14909,0.36676,0.90554,0.13285,0.10348,0.02429,0.44545,0.34045,0.36013,0.29865,0.30488,0.28522,0.33618,0.42363
2008_SS_001,0.0,0.0,0.0,0.0,0.0,0.0,0.0,0.0,0.0,0.0,0.0,0.0,0.0,0.0,0.0,0.0,0.0,0.0,0.0,0.0,0.0,0.0,0.0,0.0,0.0,0.0,0.0,0.01788,0.03639,0.0,0.0,0.0,0.0,0.0,0.0,0.0549,0.98667,0.10115,0.0,0.0,0.0,0.0,0.0,0.0,0.08681,0.06376,0.0,0.0,0.0,0.0,0.0,0.0,0.0,0.0,0.0,0.0,0.0,0.0,0.0,0.0,0.0,0.0,0.0,0.0,0.23528,0.36899,0.44095,0.68135,0.38706,0.64064,0.04242,0.45958,0.32026,0.29758,0.32045,0.31161,0.26538,0.33995,0.46031
2008_SS_005,0.0,0.0,0.0,0.0,0.0,0.0,0.0,0.0,0.0,0.0,0.0,0.0,0.0,0.0,0.0,0.0,0.0,0.0,0.0,0.0,0.0,0.0,0.0,0.0,0.0,0.0,0.0,0.02707,0.13007,0.21756,0.02278,0.0,0.0,0.0,0.0,0.18051,0.85981,0.36509,0.0,0.0,0.0,0.0,0.0,0.07184,0.13354,0.0797,0.0,0.0,0.0,0.0,0.0,0.0,0.0,0.0,0.0,0.0,0.0,0.0,0.0,0.0,0.0,0.0,0.0,0.0,0.45373,0.27094,0.35353,0.58591,0.50244,0.32254,0.04206,0.47947,0.41179,0.30315,0.26746,0.32109,0.29401,0.32072,0.38039
2008_SS_010,0.0,0.0,0.0,0.0,0.0,0.0,0.0,0.0,0.0,0.0,0.0,0.0,0.0,0.0,0.0,0.0,0.0,0.0,0.0,0.0,0.0,0.0,0.0,0.0,0.0,0.0,0.0,0.0,0.06799,0.01093,0.0,0.0,0.0,0.0,0.0,0.02961,0.53178,0.10506,0.22309,0.25943,0.0,0.0,0.0,0.01412,0.09779,0.17899,0.19426,0.41509,0.0,0.0,0.0,0.0,0.31964,0.37313,0.28588,0.04281,0.0,0.0,0.0,0.0,0.05955,0.05319,0.01785,0.0,0.52537,0.24842,0.4976,0.5821,0.27535,0.07845,0.0714,0.49472,0.30691,0.26078,0.30119,0.35712,0.27008,0.29634,0.46264
2008_SS_015,0.0,0.0,0.0,0.0,0.0,0.0,0.0,0.0,0.0,0.0,0.0,0.0,0.0,0.0,0.0,0.0,0.0,0.0,0.0,0.0,0.0,0.0,0.0,0.0,0.0,0.0,0.0,0.01804,0.0526,0.19743,0.19242,0.01276,0.0,0.0,0.0,0.05561,0.82287,0.31469,0.14348,0.04687,0.0,0.0,0.0,0.00902,0.09632,0.09923,0.07328,0.0,0.0,0.0,0.0,0.0,0.0851,0.0893,0.09882,0.01562,0.0,0.0,0.0,0.0,0.1412,0.12757,0.11933,0.13591,0.22697,0.35414,0.73109,0.39528,0.36378,0.15312,0.04446,0.47218,0.29194,0.29907,0.24993,0.26144,0.25276,0.32515,0.5495
2008_SS_019,0.0,0.0,0.0,0.0,0.0,0.0,0.0,0.0,0.0,0.0,0.0,0.0,0.0,0.0,0.0,0.0,0.0,0.0,0.0,0.0,0.0,0.0,0.0,0.0,0.0,0.0,0.0,0.01819,0.05224,0.06621,0.12303,0.48116,0.0,0.0,0.0,0.0315,0.61911,0.18121,0.3481,0.45309,0.0,0.0,0.0,0.0,0.0315,0.03638,0.0,0.0,0.0,0.0,0.0,0.0,0.0,0.0,0.0,0.0,0.0,0.0,0.0,0.0,0.0,0.0,0.0,0.0,0.10645,0.17541,0.39757,0.72404,0.52498,0.25538,0.03737,0.6006,0.30683,0.24729,0.28833,0.28244,0.24074,0.30767,0.41044
2008_SS_023,0.0,0.0,0.0,0.0,0.0,0.0,0.0,0.0,0.0,0.0,0.0,0.0,0.0,0.0,0.0,0.0,0.0,0.0,0.0,0.25053,0.2065,0.0,0.0,0.0,0.0,0.0,0.0,0.42738,0.55914,0.0,0.0,0.0,0.0,0.0,0.0,0.08431,0.62564,0.02069,0.0,0.0,0.0,0.0,0.0,0.0,0.01851,0.0,0.0,0.0,0.0,0.0,0.0,0.0,0.0,0.0,0.0,0.0,0.0,0.0,0.0,0.0,0.0,0.0,0.0,0.0,0.23953,0.29568,0.62577,0.55484,0.39467,0.52776,0.01251,0.48186,0.35324,0.35503,0.29433,0.31752,0.27683,0.31161,0.39472
2008_SS_028,0.0,0.0,0.0,0.0,0.0,0.0,0.0,0.0,0.0,0.0,0.0,0.0,0.0,0.0,0.0,0.0,0.0,0.0,0.0743,0.12245,0.02865,0.0,0.0,0.0,0.0,0.0,0.02591,0.16969,0.30032,0.07174,0.0,0.0,0.0,0.0,0.0,0.0553,0.8542,0.32015,0.02865,0.0,0.0,0.0,0.0,0.0,0.0868,0.10146,0.0,0.0,0.0,0.0,0.0,0.0,0.0,0.0,0.0,0.0,0.0,0.0,0.0,0.0,0.0,0.0,0.0,0.0,0.11426,0.22273,0.44041,0.74529,0.43349,0.38389,0.03889,0.38708,0.32072,0.32925,0.34445,0.35328,0.32244,0.33516,0.42326
2008_SS_033,0.0,0.0,0.0,0.0,0.0,0.0,0.0,0.0,0.0,0.0,0.0,0.0,0.0,0.0,0.0,0.0,0.0,0.0,0.0639,0.24094,0.01788,0.0,0.0,0.0,0.0,0.0,0.0,0.10389,0.27274,0.065,0.0,0.0,0.0,0.0,0.0,0.02858,0.58444,0.70796,0.01332,0.0,0.0,0.0,0.0,0.0,0.03423,0.05653,0.0,0.0,0.0,0.0,0.0,0.0,0.0,0.0,0.0,0.0,0.0,0.0,0.0,0.0,0.0,0.0,0.0,0.0,0.06742,0.08614,0.33734,0.81508,0.45812,0.16756,0.03084,0.34078,0.26164,0.30567,0.51344,0.48893,0.25506,0.25482,0.29887
2008_SS_037,0.0,0.0,0.0,0.0,0.0,0.0,0.0,0.0,0.0,0.0,0.0,0.0,0.0227,0.0709,0.01135,0.0,0.0,0.0,0.00568,0.04171,0.14449,0.1541,0.04054,0.0,0.0,0.0,0.01795,0.09532,0.24553,0.24362,0.22275,0.07886,0.0,0.0,0.00803,0.0709,0.461,0.44525,0.21276,0.0859,0.0,0.0,0.0,0.07247,0.30324,0.35334,0.14682,0.04397,0.0,0.0,0.0,0.08812,0.16848,0.08362,0.03453,0.02408,0.0,0.0,0.0,0.00803,0.03679,0.01966,0.02047,0.01502,0.08974,0.22589,0.56227,0.65512,0.44227,0.48623,0.01,0.39628,0.32382,0.33059,0.36663,0.35475,0.30292,0.35096,0.39193
2008_SS_041,0.0,0.0,0.0,0.0,0.0,0.0,0.0,0.0,0.0,0.0,0.0,0.0,0.0,0.0,0.0,0.0,0.0,0.0,0.00955,0.04052,0.03444,0.00955,0.0,0.0,0.0,0.00955,0.0458,0.154,0.30292,0.06685,0.02701,0.01351,0.0,0.06548,0.0619,0.68519,0.57993,0.12416,0.04163,0.0,0.01351,0.08857,0.04775,0.14069,0.0974,0.03168,0.00955,0.0,0.0,0.0,0.00955,0.0,0.03168,0.02136,0.01654,0.0,0.0,0.0,0.0,0.0,0.0,0.01654,0.00955,0.0,0.25395,0.41827,0.721,0.47245,0.13234,0.43278,0.06826,0.48624,0.30145,0.28343,0.27726,0.29331,0.24235,0.32263,0.51637
2008_SS_046,0.0,0.0,0.0,0.0,0.0,0.0,0.0,0.0,0.0,0.0,0.04813,0.01063,0.0,0.0,0.0,0.0,0.0,0.55839,0.75377,0.05262,0.0,0.0,0.0,0.0,0.0,0.15551,0.22589,0.12933,0.05625,0.0,0.0,0.0,0.0,0.03007,0.04986,0.11326,0.05919,0.0,0.0,0.0,0.0,0.0,0.0,0.0,0.0,0.0,0.0,0.0,0.0,0.0,0.0,0.0,0.0,0.0,0.0,0.0,0.0,0.0,0.0,0.0,0.0,0.0,0.0,0.0,0.16157,0.19076,0.63567,0.72924,0.04048,0.02326,0.10751,0.46552,0.49386,0.31114,0.25106,0.2191,0.21076,0.31242,0.43534
2008_SS_051,0.0,0.0,0.0,0.0,0.0,0.0,0.0,0.0,0.0,0.0,0.0,0.0,0.0,0.0,0.0,0.0,0.0,0.0,0.0,0.0,0.0,0.0,0.0,0.0,0.0,0.0,0.0,0.01954,0.0681,0.13172,0.08225,0.01045,0.0,0.0,0.0,0.03978,0.56803,0.34432,0.12338,0.01045,0.0,0.0,0.0,0.0,0.39008,0.14883,0.01954,0.0,0.0,0.0,0.0,0.0,0.3513,0.23832,0.08802,0.0,0.0,0.0,0.0,0.0,0.15101,0.30669,0.14717,0.10704,0.38498,0.31946,0.43523,0.628,0.40734,0.31106,0.02703,0.47829,0.3435,0.30739,0.258,0.30345,0.30052,0.35802,0.42617
2008_SS_055,0.0,0.0,0.0,0.0,0.0,0.0,0.0,0.0,0.0,0.0,0.0,0.0,0.0,0.0,0.0,0.0,0.0,0.0,0.11981,0.08016,0.02417,0.01582,0.0,0.0,0.0,0.0,0.19336,0.20751,0.10886,0.09316,0.01827,0.0,0.0,0.23092,0.25822,0.28743,0.7189,0.15011,0.04919,0.02238,0.04919,0.12085,0.15902,0.15902,0.0812,0.12789,0.08714,0.03767,0.0,0.00914,0.01582,0.0,0.03767,0.1327,0.09881,0.0,0.0,0.0,0.0,0.0,0.0,0.04186,0.04186,0.0,0.12015,0.28319,0.51725,0.68593,0.40905,0.31668,0.18438,0.60022,0.32488,0.25865,0.2092,0.21492,0.22624,0.30336,0.48386
2008_SS_059,0.0,0.0,0.0,0.0,0.0,0.0,0.0,0.0,0.0,0.0,0.0,0.0,0.0,0.0,0.0,0.0,0.0,0.00715,0.07638,0.10801,0.03983,0.00715,0.0,0.0,0.0,0.00715,0.07737,0.22991,0.29337,0.22767,0.13741,0.01752,0.0,0.016,0.1559,0.17811,0.33582,0.39388,0.26419,0.07081,0.0,0.0,0.01012,0.09048,0.29563,0.28443,0.14072,0.06112,0.0,0.0,0.0,0.06438,0.23811,0.25412,0.14324,0.016,0.0,0.0,0.0,0.0,0.06112,0.10317,0.06898,0.01893,0.15005,0.29389,0.50083,0.6504,0.46612,0.34933,0.13283,0.50265,0.30359,0.25972,0.20691,0.23094,0.26515,0.39908,0.51186
2008_SS_064,0.0,0.0,0.0,0.0,0.0,0.0,0.0,0.0,0.0,0.0,0.0,0.0,0.02989,0.05332,0.00901,0.0,0.0,0.0,0.0,0.0285,0.17591,0.20904,0.06179,0.00901,0.0,0.0,0.0,0.06499,0.28924,0.31154,0.27778,0.11854,0.0,0.0,0.0,0.04415,0.32041,0.38076,0.28342,0.13488,0.0,0.0,0.0,0.0403,0.36741,0.2948,0.12872,0.04506,0.0,0.0,0.0,0.0403,0.19308,0.09995,0.02384,0.0,0.0,0.0,0.0,0.0,0.02704,0.01561,0.0,0.0,0.14218,0.31562,0.62133,0.66671,0.22272,0.5055,0.06055,0.49008,0.35602,0.29044,0.24434,0.25713,0.26404,0.37958,0.45727
2011_FW_001,0.0,0.0,0.0,0.0,0.0,0.0,0.0,0.0,0.0,0.0,0.0,0.0,0.0,0.0,0.0,0.0,0.0,0.0,0.0,0.0,0.0,0.0,0.0,0.0,0.0,0.0,0.0,0.10288,0.19838,0.1636,0.16989,0.01807,0.0,0.0,0.0,0.17846,0.50517,0.57477,0.52036,0.01807,0.0,0.0,0.0,0.0,0.06406,0.03863,0.0,0.0,0.0,0.0,0.0,0.0,0.0,0.0,0.0,0.0,0.0,0.0,0.0,0.0,0.0,0.0,0.0,0.0,0.05289,0.17556,0.63531,0.67568,0.32591,0.20933,0.10957,0.5633,0.34577,0.27492,0.27303,0.31836,0.21992,0.23804,0.45458
2011_FW_004,0.0,0.0,0.0,0.0,0.0,0.0,0.0,0.0,0.0,0.0,0.0,0.0,0.0,0.0,0.0,0.0,0.0,0.0,0.0,0.0,0.0,0.0,0.0,0.0,0.0,0.0,0.0,0.11484,0.20789,0.10535,0.08997,0.03129,0.0,0.0,0.0,0.45196,0.77801,0.16676,0.0695,0.01399,0.0,0.0,0.0,0.03703,0.22623,0.12569,0.01979,0.0,0.0,0.0,0.0,0.0,0.08436,0.06663,0.02555,0.0,0.0,0.0,0.0,0.0,0.0,0.00808,0.0,0.0,0.04641,0.18566,0.42708,0.75281,0.46288,0.36813,0.04985,0.53485,0.36026,0.31155,0.26427,0.27455,0.27187,0.31679,0.40939
2011_FW_006,0.0,0.0,0.0,0.0,0.0,0.0,0.0,0.0,0.0,0.0,0.0,0.0,0.0,0.0,0.0,0.0,0.0,0.0,0.0,0.0,0.0,0.0,0.0,0.0,0.0,0.0,0.0,0.02625,0.02238,0.03712,0.04682,0.01769,0.0,0.0,0.0,0.31929,0.87631,0.15098,0.07794,0.02238,0.0,0.0,0.0,0.0,0.21744,0.17624,0.07253,0.03357,0.0,0.0,0.0,0.0,0.03165,0.0807,0.04546,0.02961,0.0,0.0,0.0,0.0,0.0,0.01938,0.01119,0.0,0.03712,0.08918,0.2863,0.80391,0.51228,0.14477,0.07336,0.57629,0.37015,0.2861,0.21357,0.21922,0.22451,0.31643,0.45258
2011_FW_009,0.0,0.0,0.0,0.0,0.0,0.0,0.0,0.0,0.0,0.0,0.0,0.0,0.0,0.0,0.0,0.0,0.0,0.0,0.0,0.0,0.0,0.0,0.0,0.0,0.0,0.0,0.0,0.03952,0.05175,0.04782,0.0183,0.0,0.0,0.0,0.0,0.41672,0.8313,0.10322,0.02362,0.0,0.0,0.0,0.0,0.02693,0.3294,0.07356,0.01976,0.0,0.0,0.0,0.0,0.0,0.02893,0.02893,0.02241,0.0,0.0,0.0,0.0,0.0,0.0,0.0,0.0,0.0,0.0183,0.08837,0.24489,0.7706,0.58143,0.10223,0.09466,0.52622,0.34732,0.25716,0.21964,0.28651,0.27579,0.32045,0.47671
2011_FW_011,0.0,0.0,0.0,0.0,0.0,0.0,0.0,0.0,0.0,0.0,0.0,0.0,0.0,0.0,0.0,0.0,0.0,0.0,0.0,0.0,0.0,0.0,0.0,0.0,0.0,0.0,0.0,0.02652,0.09426,0.05539,0.02398,0.0,0.0,0.0,0.0,0.40851,0.73049,0.39829,0.09459,0.02115,0.0,0.0,0.0,0.06495,0.24899,0.21167,0.08498,0.0,0.0,0.0,0.0,0.0,0.0,0.0,0.0,0.0,0.0,0.0,0.0,0.0,0.0,0.0,0.0,0.0,0.04993,0.18681,0.49055,0.70968,0.46726,0.18369,0.07417,0.54187,0.31121,0.2378,0.30065,0.33666,0.23335,0.28856,0.45992
2011_FW_014,0.0,0.0,0.0,0.0,0.0,0.0,0.0,0.0,0.0,0.0,0.0,0.0,0.0,0.0,0.0,0.0,0.0,0.0,0.0,0.0,0.0,0.0,0.0,0.0,0.0,0.0,0.0,0.00836,0.0,0.0,0.0,0.0,0.0,0.0,0.0,0.04181,0.38724,0.15731,0.01322,0.0,0.0,0.0,0.0,0.0,0.85802,0.26414,0.03596,0.0,0.0,0.0,0.0,0.0,0.0702,0.10493,0.01024,0.0,0.0,0.0,0.0,0.0,0.0,0.0,0.0,0.0,0.1178,0.18956,0.86401,0.4002,0.20861,0.14814,0.06592,0.44925,0.2322,0.2322,0.33051,0.42957,0.22942,0.31828,0.49258
2011_FW_016,0.0,0.0,0.0,0.0,0.0,0.0,0.0,0.0,0.0,0.0,0.0,0.0,0.0,0.0,0.0,0.0,0.0,0.0,0.0,0.0,0.0,0.0,0.0,0.0,0.0,0.0,0.0,0.01163,0.02849,0.0,0.0,0.0,0.0,0.0,0.0,0.18409,0.8326,0.17793,0.0,0.0,0.0,0.0,0.0,0.02601,0.39862,0.15692,0.0,0.0,0.0,0.0,0.0,0.0,0.12364,0.20062,0.0,0.0,0.0,0.0,0.0,0.0,0.0,0.02326,0.0,0.0,0.07027,0.17075,0.54264,0.79682,0.19112,0.25985,0.08014,0.62554,0.34923,0.2455,0.24889,0.24876,0.18057,0.25287,0.45397
2011_FW_019,0.0,0.0,0.0,0.0,0.0,0.0,0.0,0.0,0.0,0.0,0.0,0.0,0.0,0.0,0.0,0.0,0.0,0.0,0.0,0.0,0.0,0.0,0.0,0.0,0.0,0.0,0.0,0.02613,0.05329,0.0,0.0,0.0,0.0,0.0,0.0,0.10332,0.77669,0.22206,0.0,0.0,0.0,0.0,0.0,0.0,0.19856,0.51523,0.09268,0.0,0.0,0.0,0.0,0.0,0.0,0.05122,0.13025,0.01341,0.0,0.0,0.0,0.0,0.0,0.0,0.0,0.0,0.07817,0.16593,0.34481,0.77432,0.49788,0.14606,0.12044,0.56453,0.32043,0.24323,0.27135,0.30562,0.21832,0.27637,0.47789
2011_FW_022,0.0,0.0,0.0,0.0,0.0,0.0,0.0,0.0,0.0,0.0,0.0,0.0,0.0,0.0,0.0,0.0,0.0,0.0,0.0,0.0,0.0,0.0,0.0,0.0,0.0,0.0,0.0,0.05869,0.16525,0.36891,0.0524,0.0,0.0,0.0,0.0,0.35258,0.76405,0.34442,0.05095,0.0,0.0,0.0,0.0,0.0,0.02548,0.0212,0.0,0.0,0.0,0.0,0.0,0.0,0.0,0.0,0.0,0.0,0.0,0.0,0.0,0.0,0.0,0.0,0.0,0.0,0.01224,0.05784,0.17379,0.64221,0.74422,0.11884,0.05671,0.57612,0.37802,0.29017,0.24249,0.2587,0.24793,0.27899,0.41947
2011_FW_024,0.0,0.0,0.0,0.0,0.0,0.0,0.0,0.0,0.0,0.0,0.0,0.0,0.0,0.0,0.0,0.0,0.0,0.0,0.0,0.0,0.0,0.0,0.0,0.0,0.0,0.0,0.0,0.04761,0.15664,0.05733,0.0,0.0,0.0,0.0,0.03764,0.37169,0.85389,0.21118,0.0,0.0,0.0,0.0,0.0,0.0,0.14751,0.18668,0.0,0.0,0.0,0.0,0.0,0.0,0.0,0.0,0.0,0.0,0.0,0.0,0.0,0.0,0.0,0.0,0.0,0.0,0.02129,0.11367,0.41973,0.82761,0.35428,0.19766,0.01229,0.45604,0.36985,0.30551,0.29034,0.34115,0.27497,0.30741,0.43716
2011_FW_027,0.0,0.0,0.0,0.0,0.0,0.0,0.0,0.0,0.0,0.0,0.0,0.0,0.0,0.0,0.0,0.0,0.0,0.0,0.0,0.0,0.0,0.0,0.0,0.0,0.0,0.0,0.0,0.04337,0.38853,0.43297,0.0,0.0,0.0,0.0,0.51862,0.46553,0.20066,0.36563,0.0,0.0,0.0,0.0,0.0,0.0,0.0,0.00835,0.0,0.0,0.0,0.0,0.0,0.0,0.0,0.0,0.0,0.0,0.0,0.0,0.0,0.0,0.0,0.0,0.0,0.0,0.01866,0.13432,0.30347,0.79264,0.51111,0.08038,0.12716,0.66531,0.29622,0.18154,0.24701,0.27081,0.2112,0.28272,0.42164
2011_FW_029,0.0,0.0,0.0,0.0,0.0,0.0,0.0,0.0,0.0,0.0,0.0,0.0,0.0,0.0,0.0,0.0,0.0,0.0,0.0,0.0,0.0,0.0,0.0,0.0,0.0,0.0,0.0317,0.65019,0.18685,0.0,0.0,0.0,0.0,0.0,0.2194,0.46251,0.50906,0.07663,0.0,0.0,0.0,0.0,0.11929,0.0,0.0,0.00727,0.0,0.0,0.0,0.0,0.0,0.0,0.0,0.0,0.0,0.0,0.0,0.0,0.0,0.0,0.0,0.0,0.0,0.0,0.06171,0.13548,0.35437,0.78265,0.48962,0.16093,0.08869,0.54899,0.28113,0.2213,0.26748,0.30576,0.22522,0.29901,0.5152
2011_FW_032,0.0,0.0,0.0,0.0,0.0,0.0,0.0,0.0,0.0,0.0,0.0,0.0,0.0,0.0,0.0,0.0,0.0,0.0,0.0,0.04646,0.0,0.0,0.0,0.0,0.0,0.0,0.01678,0.76181,0.28292,0.0,0.0,0.0,0.0,0.0,0.0,0.50419,0.27621,0.04844,0.01937,0.0,0.0,0.0,0.0,0.06165,0.00685,0.00969,0.0,0.0,0.0,0.0,0.0,0.0,0.0,0.0,0.0,0.0,0.0,0.0,0.0,0.0,0.0,0.0,0.0,0.0,0.13388,0.32556,0.68385,0.615,0.17383,0.52097,0.04402,0.47594,0.32888,0.28159,0.30638,0.37408,0.26899,0.307,0.43083
2011_FW_034,0.0,0.0,0.0,0.0,0.0,0.0,0.0,0.0,0.0,0.0,0.0,0.0,0.0,0.0,0.0,0.0,0.0,0.0,0.00627,0.05132,0.0,0.0,0.0,0.0,0.0,0.0,0.0,0.87588,0.37231,0.01254,0.0,0.0,0.0,0.0,0.0,0.25545,0.15874,0.01254,0.0,0.0,0.0,0.0,0.0,0.00627,0.02346,0.01086,0.0,0.0,0.0,0.0,0.0,0.0,0.00887,0.0,0.0,0.0,0.0,0.0,0.0,0.0,0.0,0.0,0.0,0.0,0.08127,0.31406,0.63737,0.63282,0.29674,0.48859,0.07687,0.50546,0.317,0.26079,0.2693,0.34756,0.2467,0.33048,0.4611
2011_FW_037,0.0,0.0,0.0,0.0,0.0,0.0,0.0,0.0,0.0,0.0,0.0,0.0,0.0,0.0,0.0,0.0,0.0,0.0,0.0,0.0,0.0,0.0,0.0,0.0,0.0,0.0,0.01082,0.15049,0.01325,0.0,0.0,0.0,0.0,0.0,0.59623,0.77186,0.12287,0.0,0.0,0.0,0.0,0.0,0.0831,0.03975,0.0419,0.02164,0.0,0.0,0.0,0.0,0.0,0.0,0.0,0.0,0.0,0.0,0.0,0.0,0.0,0.0,0.0,0.0,0.0,0.0,0.10489,0.25267,0.64216,0.7026,0.13833,0.22599,0.17217,0.64162,0.2268,0.20618,0.28478,0.25808,0.20241,0.32145,0.44985
2014_SS_001,0.0,0.0,0.0,0.0,0.0,0.0,0.0,0.0,0.0,0.0,0.0,0.0,0.0,0.0,0.0,0.0,0.0,0.0,0.01948,0.24821,0.01778,0.0,0.0,0.0,0.0,0.0,0.04356,0.378,0.33535,0.0,0.0,0.0,0.0,0.0,0.0,0.18938,0.8005,0.0616,0.0,0.0,0.0,0.0,0.0,0.0,0.0,0.0,0.0,0.0,0.0,0.0,0.0,0.0,0.0,0.0,0.0,0.0,0.0,0.0,0.0,0.0,0.0,0.0,0.0,0.0,0.53119,0.46646,0.37464,0.28796,0.52629,0.42962,0.02409,0.4066,0.33818,0.33678,0.36787,0.40769,0.30936,0.31195,0.33515
2014_SS_004,0.0,0.0,0.0,0.0,0.0,0.0,0.0,0.0,0.0,0.0,0.0,0.0,0.0,0.0,0.0,0.0,0.0,0.0,0.0777,0.25679,0.00718,0.0,0.0,0.0,0.0,0.0,0.09637,0.42623,0.36408,0.0,0.0,0.0,0.0,0.0,0.0,0.22896,0.74299,0.0,0.0,0.0,0.0,0.0,0.0,0.0,0.0,0.0,0.0,0.0,0.0,0.0,0.0,0.0,0.0,0.0,0.0,0.0,0.0,0.0,0.0,0.0,0.0,0.0,0.0,0.0,0.54625,0.44801,0.41977,0.40583,0.4,0.52954,0.04407,0.37164,0.25788,0.28164,0.37521,0.42679,0.35816,0.33845,0.38768
2014_SS_007,0.0,0.0,0.0,0.0,0.0,0.0,0.0,0.0,0.0,0.0,0.0,0.0,0.0,0.0,0.0,0.0,0.0,0.0,0.0,0.0,0.0,0.0,0.0,0.0,0.0,0.0,0.0,0.4243,0.13058,0.0,0.0,0.0,0.0,0.17292,0.33624,0.77553,0.21598,0.01572,0.0,0.0,0.0,0.10633,0.01758,0.0,0.0,0.0,0.0,0.0,0.0,0.0,0.0,0.0,0.0,0.0,0.0,0.0,0.0,0.0,0.0,0.0,0.0,0.0,0.0,0.0,0.46898,0.69681,0.38627,0.3596,0.1265,0.357,0.06454,0.42853,0.27171,0.34216,0.41418,0.40387,0.29735,0.27989,0.35221
2014_SS_010,0.0,0.0,0.0,0.0,0.0,0.0,0.0,0.0,0.0,0.0,0.0,0.0,0.0,0.0,0.0,0.0,0.0,0.0,0.0,0.05023,0.0,0.0,0.0,0.0,0.0,0.0,0.00826,0.38452,0.31909,0.0,0.0,0.0,0.0,0.15669,0.41841,0.5546,0.43267,0.02739,0.0,0.0,0.0,0.14256,0.17961,0.0,0.0,0.0,0.0,0.0,0.0,0.0,0.0,0.0,0.0,0.0,0.0,0.0,0.0,0.0,0.0,0.0,0.0,0.0,0.0,0.0,0.37125,0.47777,0.53168,0.52691,0.27127,0.45464,0.22028,0.36996,0.23063,0.28293,0.47606,0.51204,0.29284,0.25781,0.29807
2014_SS_013,0.0,0.0,0.0,0.0,0.0,0.0,0.0,0.0,0.0,0.0,0.0,0.0,0.0,0.0,0.0,0.0,0.0,0.0,0.0,0.0,0.0,0.0,0.0,0.0,0.0,0.0,0.0,0.04484,0.18733,0.0,0.0,0.0,0.0,0.0,0.0,0.41318,0.50666,0.03094,0.0,0.0,0.0,0.0,0.0,0.35873,0.17463,0.01695,0.0,0.0,0.0,0.0,0.0,0.49871,0.08642,0.0,0.0,0.0,0.0,0.0,0.04376,0.34199,0.0,0.0,0.0,0.0,0.61432,0.60522,0.4625,0.20326,0.03318,0.29713,0.03218,0.50879,0.33975,0.28599,0.26986,0.29337,0.26054,0.33339,0.45387
2014_SS_016,0.0,0.0,0.0,0.0,0.0,0.0,0.0,0.0,0.0,0.0,0.0,0.0,0.0,0.0,0.0,0.0,0.0,0.0,0.0,0.0,0.0,0.0,0.0,0.0,0.0,0.0,0.0,0.02201,0.2048,0.0,0.0,0.0,0.0,0.0,0.0,0.31525,0.66452,0.04668,0.0,0.0,0.0,0.0,0.03812,0.36468,0.29113,0.1353,0.02869,0.0,0.0,0.0,0.0,0.08116,0.17047,0.26298,0.11393,0.0,0.0,0.0,0.0,0.06146,0.02695,0.23113,0.01968,0.0,0.57434,0.42503,0.51239,0.39869,0.26076,0.45014,0.05635,0.35335,0.3929,0.3849,0.43886,0.37795,0.25039,0.26384,0.32384
2014_SS_019,0.0,0.0,0.0,0.0,0.0,0.0,0.0,0.0,0.0,0.0,0.0,0.0,0.0,0.0,0.0,0.0,0.0,0.0,0.0,0.0,0.0,0.0,0.0,0.0,0.0,0.0,0.0,0.02136,0.11233,0.0,0.0,0.0,0.0,0.0,0.0,0.1553,0.70644,0.0488,0.0,0.0,0.0,0.0,0.03414,0.27753,0.23044,0.13298,0.01233,0.0,0.0,0.0,0.0,0.08301,0.15416,0.35191,0.06327,0.0,0.0,0.0,0.0,0.02013,0.02361,0.36954,0.12734,0.0,0.45658,0.3908,0.56903,0.36823,0.42359,0.24809,0.03359,0.39046,0.36603,0.41697,0.37736,0.3707,0.26572,0.27843,0.33428
2014_SS_021,0.0,0.0,0.0,0.0,0.0,0.0,0.0,0.0,0.0,0.0,0.0,0.0,0.0,0.0,0.0,0.0,0.0,0.0,0.0,0.0,0.0,0.0,0.0,0.0,0.0,0.0,0.0,0.01846,0.21924,0.0,0.0,0.0,0.0,0.0,0.0,0.33793,0.56667,0.04585,0.0,0.0,0.0,0.0,0.0,0.06614,0.42372,0.14655,0.0,0.0,0.0,0.0,0.0,0.0,0.4002,0.38538,0.00754,0.0,0.0,0.0,0.0,0.0,0.0,0.0,0.00754,0.0,0.49329,0.36579,0.6477,0.44803,0.05112,0.26284,0.15846,0.28503,0.34779,0.48957,0.45211,0.4378,0.23446,0.20621,0.25405
2014_SS_024,0.0,0.0,0.0,0.0,0.0,0.0,0.0,0.0,0.0,0.0,0.0,0.0,0.0,0.0,0.0,0.0,0.0,0.0,0.0,0.06899,0.02142,0.0,0.0,0.0,0.0,0.0,0.0,0.61625,0.4745,0.01312,0.0,0.0,0.0,0.0,0.0,0.103,0.44757,0.16011,0.01515,0.0,0.0,0.0,0.0,0.0,0.11854,0.22478,0.13694,0.01515,0.0,0.0,0.0,0.0,0.0,0.06816,0.20065,0.14005,0.0,0.0,0.0,0.0,0.0,0.0,0.01312,0.06816,0.47607,0.36295,0.47323,0.62457,0.16609,0.21887,0.05393,0.42075,0.2733,0.3223,0.38286,0.4435,0.32173,0.29108,0.336
2014_SS_027,0.0,0.0,0.0,0.0,0.0,0.0,0.0,0.0,0.0,0.0,0.0,0.0,0.0,0.0,0.0,0.0,0.0,0.0,0.0,0.02175,0.00688,0.0,0.0,0.0,0.0,0.0,0.0,0.30229,0.38266,0.0,0.0,0.0,0.0,0.0,0.0,0.19022,0.7185,0.12644,0.00973,0.0,0.0,0.0,0.0,0.0,0.14491,0.23923,0.20643,0.21672,0.0,0.0,0.0,0.0,0.0,0.0831,0.08753,0.10384,0.0,0.0,0.0,0.0,0.0,0.0,0.0,0.0,0.65986,0.41669,0.48298,0.3765,0.12625,0.25437,0.1299,0.54486,0.30476,0.26218,0.27237,0.31359,0.21855,0.26912,0.4988
2014_SS_030,0.0,0.0,0.0,0.0,0.0,0.0,0.0,0.0,0.0,0.0,0.0,0.0,0.0,0.0,0.0,0.0,0.0,0.0,0.0,0.01469,0.0,0.0,0.0,0.0,0.0,0.0,0.0,0.64928,0.4529,0.0,0.0,0.0,0.0,0.0,0.0,0.34271,0.42264,0.05689,0.0,0.0,0.0,0.0,0.0,0.0,0.03817,0.08502,0.06318,0.02204,0.0,0.0,0.0,0.0,0.0,0.01469,0.08566,0.22911,0.0,0.0,0.0,0.0,0.0,0.0,0.0,0.02436,0.62259,0.21645,0.30767,0.47587,0.49438,0.2606,0.10606,0.51715,0.24308,0.24351,0.27243,0.26742,0.20319,0.30522,0.57792
2014_SS_033,0.0,0.0,0.0,0.0,0.0,0.0,0.0,0.0,0.0,0.0,0.0,0.0,0.0,0.0,0.0,0.0,0.0,0.0,0.0,0.0,0.0,0.0,0.0,0.0,0.0,0.0,0.0,0.02584,0.35203,0.0,0.0,0.0,0.0,0.0,0.0,0.15223,0.91902,0.08429,0.0,0.0,0.0,0.0,0.0,0.0,0.00691,0.02184,0.0,0.0,0.0,0.0,0.0,0.0,0.0,0.0,0.0,0.0,0.0,0.0,0.0,0.0,0.0,0.0,0.0,0.0,0.52312,0.36883,0.46291,0.41183,0.45433,0.44627,0.04293,0.41222,0.28392,0.4112,0.38673,0.37173,0.27795,0.27451,0.37419
2014_SS_036,0.0,0.0,0.0,0.0,0.0,0.0,0.0,0.0,0.0,0.0,0.0,0.0,0.0,0.0,0.0,0.0,0.0,0.0,0.0,0.0,0.0,0.0,0.0,0.0,0.0,0.0,0.0,0.04601,0.38442,0.0,0.0,0.0,0.0,0.0,0.0,0.21415,0.89562,0.0453,0.0,0.0,0.0,0.0,0.0,0.0,0.00801,0.0,0.0,0.0,0.0,0.0,0.0,0.0,0.0,0.0,0.0,0.0,0.0,0.0,0.0,0.0,0.0,0.0,0.0,0.0,0.72207,0.59518,0.26124,0.13257,0.19634,0.37304,0.16494,0.35894,0.21567,0.27514,0.42771,0.48334,0.36519,0.29877,0.33132
2014_SS_039,0.0,0.0,0.0,0.0,0.0,0.0,0.0,0.0,0.0,0.0,0.0,0.0,0.0,0.0,0.0,0.0,0.0,0.0,0.0,0.0,0.0,0.0,0.0,0.0,0.0,0.0,0.0,0.05041,0.29605,0.0,0.0,0.0,0.0,0.0,0.0,0.10432,0.94351,0.09316,0.0,0.0,0.0,0.0,0.0,0.0,0.0,0.00692,0.0,0.0,0.0,0.0,0.0,0.0,0.0,0.0,0.0,0.0,0.0,0.0,0.0,0.0,0.0,0.0,0.0,0.0,0.46087,0.34357,0.46149,0.53326,0.41499,0.43959,0.35029,0.66941,0.27392,0.20813,0.19089,0.1864,0.17867,0.25357,0.51588
2014_SS_042,0.0,0.0,0.0,0.0,0.0,0.0,0.0,0.0,0.0,0.0,0.0,0.0,0.0,0.0,0.0,0.0,0.0,0.0,0.0,0.0,0.0,0.0,0.0,0.0,0.0,0.0,0.0,0.06546,0.44775,0.0123,0.0,0.0,0.0,0.0,0.0,0.2482,0.85195,0.08754,0.0,0.0,0.0,0.0,0.0,0.0,0.0,0.0,0.0,0.0,0.0,0.0,0.0,0.0,0.0,0.0,0.0,0.0,0.0,0.0,0.0,0.0,0.0,0.0,0.0,0.0,0.62485,0.27443,0.30348,0.40545,0.52703,0.30014,0.07497,0.30867,0.28365,0.34317,0.44709,0.44425,0.32356,0.30932,0.32997
2016_FW_001,0.0,0.0,0.0,0.0,0.0,0.0,0.0,0.0,0.0,0.0,0.0,0.0,0.0,0.0,0.0,0.0,0.0,0.0,0.0,0.02092,0.0,0.0,0.0,0.0,0.0,0.0,0.04874,0.37167,0.39547,0.0,0.0,0.0,0.0,0.0,0.07159,0.6498,0.49947,0.025,0.0,0.0,0.0,0.0,0.05304,0.1477,0.01581,0.01768,0.0,0.0,0.0,0.0,0.0,0.0,0.0,0.0,0.0,0.0,0.0,0.0,0.0,0.0,0.0,0.0,0.0,0.0,0.25582,0.36668,0.58623,0.57291,0.35806,0.80854,0.16622,0.35543,0.29184,0.28601,0.38782,0.50906,0.33247,0.29199,0.31838
2016_FW_004,0.0,0.0,0.0,0.0,0.0,0.0,0.0,0.0,0.0,0.0,0.0,0.0,0.0,0.0,0.0,0.0,0.0,0.0,0.0,0.07289,0.0247,0.0,0.0,0.0,0.0,0.0,0.12042,0.40056,0.26163,0.00847,0.0,0.0,0.0,0.04279,0.17209,0.61939,0.49092,0.0806,0.01585,0.0,0.0,0.0,0.04019,0.13357,0.13922,0.10025,0.0611,0.0232,0.0,0.0,0.00599,0.01198,0.07289,0.0843,0.07602,0.05458,0.0,0.0,0.0,0.00599,0.03974,0.06197,0.07903,0.03929,0.31364,0.4455,0.50948,0.51678,0.42016,0.64539,0.04361,0.37773,0.27805,0.34702,0.4342,0.44565,0.28213,0.28439,0.33463
2016_FW_007,0.0,0.0,0.0,0.0,0.0,0.0,0.0,0.0,0.0,0.0,0.0,0.0,0.0,0.0,0.0,0.0,0.0,0.0,0.0,0.05434,0.03885,0.0,0.0,0.0,0.0,0.2017,0.38304,0.45319,0.31477,0.0,0.0,0.0,0.0,0.03968,0.10685,0.45101,0.4369,0.09236,0.0324,0.0,0.0,0.0,0.0525,0.12627,0.1577,0.09987,0.072,0.04723,0.0,0.0,0.01403,0.03968,0.08984,0.06826,0.0525,0.0324,0.0,0.0,0.0,0.01403,0.0648,0.04653,0.02921,0.01146,0.13457,0.40403,0.60556,0.55366,0.38131,0.65889,0.11868,0.41663,0.29612,0.32787,0.47036,0.40076,0.24402,0.25752,0.35145
2016_FW_010,0.0,0.0,0.0,0.0,0.0,0.0,0.0,0.0,0.0,0.0,0.0,0.0,0.0,0.0,0.0,0.0,0.0,0.0,0.0,0.02018,0.01079,0.0,0.0,0.0,0.0,0.0,0.01321,0.35391,0.26439,0.00763,0.0,0.0,0.0,0.0,0.0253,0.73593,0.46155,0.11794,0.00763,0.0,0.0,0.0,0.01526,0.13669,0.0959,0.0586,0.01869,0.0,0.0,0.0,0.0,0.02018,0.01526,0.03237,0.03052,0.0,0.0,0.0,0.0,0.0,0.0,0.00763,0.01706,0.0,0.09498,0.33845,0.63492,0.61796,0.30239,0.67503,0.03168,0.44363,0.34952,0.33939,0.33031,0.31772,0.27911,0.32513,0.41495
2016_FW_012,0.0,0.0,0.0,0.0,0.0,0.0,0.0,0.0,0.0,0.0,0.0,0.0,0.0,0.0,0.0,0.0,0.0,0.0,0.0,0.00982,0.0,0.0,0.0,0.0,0.0,0.06002,0.07797,0.35952,0.26681,0.09986,0.09388,0.04813,0.00802,0.01389,0.09285,0.56102,0.58085,0.17324,0.10611,0.04711,0.0,0.0697,0.09302,0.14703,0.09268,0.11924,0.0397,0.00982,0.0,0.02122,0.0,0.0393,0.01702,0.03888,0.02406,0.00982,0.0,0.0,0.0,0.0,0.0,0.00567,0.00802,0.0,0.15657,0.30364,0.48436,0.60062,0.5366,0.52724,0.01902,0.44381,0.31235,0.30279,0.32029,0.39327,0.311,0.32584,0.39199
2016_FW_015,0.0,0.0,0.0,0.0,0.0,0.0,0.0,0.0,0.0,0.0,0.0,0.0,0.0,0.0,0.0,0.0,0.0,0.0,0.0,0.0,0.0,0.0,0.0,0.0,0.0,0.0,0.0159,0.09235,0.35837,0.0,0.0,0.0,0.0,0.0,0.02248,0.6529,0.65969,0.02866,0.0,0.0,0.0,0.0,0.0,0.0,0.0,0.0,0.0,0.0,0.0,0.0,0.0,0.0,0.0,0.0,0.0,0.0,0.0,0.0,0.0,0.0,0.0,0.0,0.0,0.0,0.09337,0.42065,0.76479,0.47048,0.08992,0.14293,0.24166,0.58353,0.26437,0.21544,0.15794,0.19186,0.19536,0.27461,0.60651
2016_FW_018,0.0,0.0,0.0,0.0,0.0,0.0,0.0,0.0,0.0,0.0,0.0,0.0,0.0,0.0,0.0,0.0,0.0,0.0,0.0,0.0,0.00794,0.0,0.0,0.0,0.0,0.0,0.0,0.16336,0.20513,0.01776,0.01776,0.03177,0.0,0.0,0.01123,0.26078,0.76097,0.07782,0.02247,0.01123,0.0,0.0,0.0,0.22423,0.47291,0.03177,0.01946,0.0,0.0,0.0,0.0,0.0,0.00794,0.01376,0.00794,0.0,0.0,0.0,0.0,0.0,0.0,0.0,0.0,0.0,0.01946,0.08737,0.37626,0.71898,0.57748,0.17359,0.14028,0.58268,0.24859,0.20697,0.20233,0.2231,0.20449,0.29998,0.57735
2016_FW_021,0.0,0.0,0.0,0.0,0.0,0.0,0.0,0.0,0.0,0.0,0.0,0.0,0.0,0.0,0.0,0.0,0.0,0.0,0.0,0.0,0.0,0.0,0.0,0.0,0.0,0.0,0.24364,0.41195,0.44413,0.28248,0.1611,0.18513,0.0,0.02706,0.14582,0.33317,0.52947,0.1185,0.05739,0.05255,0.0,0.0,0.0,0.0,0.01413,0.00577,0.0,0.0,0.0,0.0,0.0,0.0,0.0,0.0,0.0,0.0,0.0,0.0,0.0,0.0,0.0,0.0,0.0,0.0,0.03602,0.0685,0.18948,0.59114,0.78017,0.15393,0.25763,0.63656,0.19257,0.18654,0.23538,0.26236,0.19716,0.20426,0.56398
2016_FW_024,0.0,0.0,0.0,0.0,0.0,0.0,0.0,0.0,0.0,0.0,0.0,0.0,0.0,0.0,0.0,0.0,0.0,0.0,0.0,0.0,0.0,0.0,0.0,0.0,0.0,0.0,0.0,0.18528,0.17741,0.10451,0.02433,0.0,0.0,0.0,0.01037,0.29036,0.82454,0.18958,0.0,0.0,0.0,0.0,0.0,0.07224,0.31796,0.08772,0.00734,0.0,0.0,0.0,0.0,0.0,0.08002,0.0344,0.0,0.0,0.0,0.0,0.0,0.0,0.00734,0.02745,0.0,0.0,0.14299,0.35551,0.66045,0.61611,0.19337,0.47301,0.11112,0.52754,0.2727,0.28803,0.32287,0.30305,0.22927,0.265,0.49549
2016_FW_027,0.0,0.0,0.0,0.0,0.0,0.0,0.0,0.0,0.0,0.0,0.0,0.0,0.0,0.0,0.0,0.0,0.0,0.0,0.0,0.06559,0.00724,0.0,0.0,0.0,0.0,0.0,0.0271,0.27808,0.32618,0.1886,0.05372,0.10865,0.0,0.0,0.1001,0.47008,0.64035,0.11813,0.05122,0.0584,0.0,0.12712,0.17474,0.09878,0.12313,0.03622,0.05611,0.04859,0.0,0.12142,0.01255,0.01255,0.01449,0.0162,0.03548,0.06717,0.0,0.0,0.0,0.0,0.0,0.0,0.0,0.01255,0.22427,0.26382,0.45923,0.65386,0.49161,0.31079,0.0462,0.4088,0.25084,0.26525,0.4005,0.43098,0.27313,0.29766,0.43619
2016_FW_030,0.0,0.0,0.0,0.0,0.0,0.0,0.0,0.0,0.0,0.0,0.0,0.0,0.0,0.0,0.0,0.0,0.0,0.0,0.0,0.0908,0.05437,0.0292,0.0,0.0,0.0,0.12973,0.26775,0.43908,0.2801,0.13125,0.01306,0.0,0.0,0.03199,0.16172,0.58871,0.20663,0.12863,0.02612,0.0,0.0,0.07872,0.24269,0.26605,0.07908,0.09142,0.02262,0.0,0.0,0.05058,0.0413,0.14776,0.0,0.0,0.0,0.0,0.0,0.0,0.0,0.0,0.0,0.0,0.0,0.0,0.22189,0.40373,0.54503,0.58264,0.38888,0.57946,0.36839,0.72002,0.21282,0.1581,0.13575,0.163,0.16441,0.19565,0.54862
2016_FW_032,0.0,0.0,0.0,0.0,0.0,0.0,0.0,0.0,0.0,0.0,0.0,0.0,0.0,0.0,0.0,0.0,0.0,0.0,0.0,0.0,0.0,0.0,0.0,0.0,0.0,0.0,0.01246,0.22703,0.21991,0.02492,0.0,0.0,0.0,0.0,0.31669,0.603,0.50957,0.07319,0.0,0.0,0.0,0.11854,0.17333,0.12615,0.19283,0.14042,0.02643,0.0,0.0,0.11788,0.02492,0.04493,0.08942,0.12889,0.05212,0.00881,0.0,0.0,0.0,0.03052,0.06292,0.05844,0.02331,0.0,0.14966,0.35836,0.55357,0.62814,0.38494,0.49216,0.32627,0.6424,0.26629,0.1773,0.16419,0.16955,0.17384,0.26493,0.57346
2016_FW_035,0.0,0.0,0.0,0.0,0.0,0.0,0.0,0.0,0.0,0.0,0.0,0.0,0.0,0.0,0.0,0.0,0.0,0.0,0.0,0.0,0.0,0.0,0.0,0.0,0.0,0.0,0.0,0.12083,0.3538,0.0,0.0,0.0,0.0,0.0,0.0,0.39266,0.78306,0.30212,0.0239,0.0,0.0,0.0,0.0,0.0,0.01952,0.0239,0.00797,0.0,0.0,0.0,0.0,0.0,0.0,0.0,0.0,0.0,0.0,0.0,0.0,0.0,0.0,0.0,0.0,0.0,0.59695,0.37092,0.37926,0.46644,0.38034,0.46132,0.07756,0.43995,0.35991,0.31676,0.26242,0.28096,0.30311,0.36349,0.45251
2016_FW_038,0.0,0.0,0.0,0.0,0.0,0.0,0.0,0.0,0.0,0.0,0.0,0.0,0.0,0.0,0.0,0.0,0.0,0.0,0.0,0.0,0.0,0.0,0.0,0.0,0.0,0.0,0.01581,0.03707,0.18721,0.20183,0.0,0.0,0.0,0.0,0.02738,0.44313,0.69134,0.30552,0.0,0.0,0.0,0.0,0.0,0.03622,0.2819,0.27071,0.01118,0.0,0.0,0.0,0.0,0.0,0.0,0.0,0.0,0.0,0.0,0.0,0.0,0.0,0.0,0.0,0.0,0.0,0.16352,0.52876,0.69615,0.44825,0.09012,0.85847,0.01168,0.41975,0.32753,0.33695,0.32845,0.34741,0.28343,0.27946,0.46476
2016_FW_041,0.0,0.0,0.0,0.0,0.0,0.0,0.0,0.0,0.0,0.0,0.0,0.0,0.0,0.0,0.0,0.0,0.0,0.0,0.0,0.0,0.0,0.0,0.0,0.0,0.0,0.0,0.0,0.08719,0.65036,0.0,0.0,0.0,0.0,0.0,0.00914,0.18975,0.7299,0.02418,0.0,0.0,0.0,0.0,0.0,0.0,0.0,0.0,0.0,0.0,0.0,0.0,0.0,0.0,0.0,0.0,0.0,0.0,0.0,0.0,0.0,0.0,0.0,0.0,0.0,0.0,0.40123,0.74866,0.51575,0.09186,0.06398,0.29231,0.07796,0.53381,0.33879,0.31042,0.20155,0.22594,0.21832,0.33211,0.50425
2019_SS_001,0.0,0.0,0.0,0.0,0.0,0.0,0.0,0.0,0.0,0.0,0.0,0.0,0.0,0.0,0.0,0.0,0.0,0.0,0.0,0.0,0.0,0.0,0.0,0.0,0.0,0.0,0.0,0.00802,0.3696,0.03677,0.0,0.0,0.0,0.0,0.0,0.06665,0.91909,0.11261,0.00802,0.0,0.0,0.0,0.0,0.0,0.00802,0.0,0.0,0.0,0.0,0.0,0.0,0.0,0.0,0.0,0.0,0.0,0.0,0.0,0.0,0.0,0.0,0.0,0.0,0.0,0.04678,0.09042,0.30615,0.70661,0.62977,0.26777,0.00878,0.48061,0.32553,0.33864,0.30368,0.33239,0.27915,0.31659,0.40927
2019_SS_005,0.0,0.0,0.0,0.0,0.0,0.0,0.0,0.0,0.0,0.0,0.0,0.0,0.0,0.0,0.0,0.0,0.0,0.0,0.0,0.0,0.0,0.0,0.0,0.0,0.0,0.0,0.0,0.06745,0.48855,0.23972,0.02049,0.0,0.0,0.0,0.0,0.59347,0.56247,0.15741,0.03449,0.0,0.0,0.0,0.0,0.0,0.0502,0.04266,0.0,0.0,0.0,0.0,0.0,0.0,0.0,0.0,0.0,0.0,0.0,0.0,0.0,0.0,0.0,0.0,0.0,0.0,0.05422,0.18253,0.4125,0.64235,0.61723,0.12281,0.15363,0.6282,0.22088,0.23368,0.27717,0.26703,0.18701,0.24068,0.51083
2019_SS_010,0.0,0.0,0.0,0.0,0.0,0.0,0.0,0.0,0.0,0.0,0.0,0.0,0.0,0.0,0.0,0.0,0.0,0.0,0.0,0.0,0.0,0.0,0.0,0.0,0.0,0.0,0.0,0.0,0.41545,0.20768,0.10104,0.0,0.0,0.0,0.0,0.0,0.85797,0.17898,0.07399,0.0,0.0,0.0,0.0,0.0,0.02107,0.0,0.0,0.0,0.0,0.0,0.0,0.0,0.0,0.0,0.0,0.0,0.0,0.0,0.0,0.0,0.0,0.0,0.0,0.0,0.02276,0.13922,0.15953,0.44102,0.87187,0.13597,0.01868,0.55251,0.30245,0.30723,0.26523,0.33015,0.30676,0.28761,0.39078
2019_SS_014,0.0,0.0,0.0,0.0,0.0,0.0,0.0,0.0,0.0,0.0,0.0,0.0,0.0,0.0,0.0,0.0,0.0,0.0,0.0,0.0,0.0,0.0,0.0,0.0,0.0,0.0,0.0,0.0,0.0,0.0,0.0,0.0,0.0,0.0,0.0,0.0,0.98863,0.13471,0.0,0.0,0.0,0.0,0.0,0.0,0.02423,0.06226,0.0,0.0,0.0,0.0,0.0,0.0,0.0,0.0,0.0,0.0,0.0,0.0,0.0,0.0,0.0,0.0,0.0,0.0,0.04055,0.05526,0.12165,0.59823,0.78906,0.04205,0.04239,0.43546,0.25475,0.22761,0.25219,0.27231,0.16343,0.25924,0.67971
2019_SS_018,0.0,0.0,0.0,0.0,0.0,0.0,0.0,0.0,0.0,0.0,0.0,0.0,0.0,0.0,0.0,0.0,0.0,0.0,0.0,0.0,0.0,0.0,0.0,0.0,0.0,0.0,0.0,0.0,0.39909,0.0,0.0,0.0,0.0,0.0,0.0,0.0,0.75362,0.52029,0.02162,0.0,0.0,0.0,0.0,0.0,0.02497,0.03058,0.00721,0.0,0.0,0.0,0.0,0.0,0.0,0.0,0.0,0.0,0.0,0.0,0.0,0.0,0.0,0.0,0.0,0.0,0.0937,0.15873,0.25216,0.51789,0.79639,0.12999,0.0414,0.52186,0.32042,0.33836,0.31134,0.24578,0.21012,0.25498,0.49396
2019_SS_023,0.0,0.0,0.0,0.0,0.0,0.0,0.0,0.0,0.0,0.0,0.0,0.0,0.0,0.0,0.0,0.0,0.0,0.0,0.0,0.0,0.0,0.0,0.0,0.0,0.0,0.0,0.0,0.03495,0.38993,0.05144,0.0,0.0,0.0,0.0,0.0,0.0,0.91649,0.06433,0.0,0.0,0.0,0.0,0.0,0.0,0.0,0.0,0.0,0.0,0.0,0.0,0.0,0.0,0.0,0.0,0.0,0.0,0.0,0.0,0.0,0.0,0.0,0.0,0.0,0.0,0.06692,0.34722,0.52671,0.61761,0.46486,0.42265,0.01572,0.45411,0.31693,0.31463,0.31161,0.33489,0.2475,0.30556,0.48007
2019_SS_027,0.0,0.0,0.0,0.0,0.0,0.0,0.0,0.0,0.0,0.0,0.0,0.0,0.0,0.0,0.0,0.0,0.0,0.0,0.0,0.0,0.0,0.0,0.0,0.0,0.0,0.0,0.0,0.24373,0.6738,0.18969,0.05109,0.0,0.0,0.0,0.0084,0.39245,0.52401,0.13725,0.0,0.0,0.0,0.0,0.0,0.0,0.0084,0.02057,0.0,0.0,0.0,0.0,0.0,0.0,0.0,0.0,0.0,0.0,0.0,0.0,0.0,0.0,0.0,0.0,0.0,0.0,0.20054,0.35208,0.59453,0.6579,0.22255,0.2864,0.16198,0.45972,0.1995,0.24199,0.44235,0.46398,0.23961,0.24125,0.40463
2019_SS_031,0.0,0.0,0.0,0.0,0.0,0.0,0.0,0.0,0.0,0.0,0.0,0.0,0.0,0.0,0.0,0.0,0.0,0.0,0.0,0.0,0.0,0.0,0.0,0.0,0.0,0.0,0.0,0.09064,0.45734,0.17307,0.05256,0.0,0.0,0.0,0.0,0.04823,0.80407,0.2889,0.05393,0.0,0.0,0.0,0.0,0.0,0.07031,0.09609,0.02256,0.0,0.0,0.0,0.0,0.0,0.0,0.0,0.0,0.0,0.0,0.0,0.0,0.0,0.0,0.0,0.0,0.0,0.11597,0.21248,0.48921,0.70682,0.44997,0.34236,0.16335,0.61817,0.38019,0.27486,0.21954,0.21804,0.17848,0.28566,0.43425
2019_SS_036,0.0,0.0,0.0,0.0,0.0,0.0,0.0,0.0,0.0,0.0,0.0,0.0,0.0,0.0,0.0,0.0,0.0,0.0,0.0,0.0,0.0,0.0,0.0,0.0,0.0,0.19184,0.24462,0.19797,0.22859,0.06271,0.08296,0.0875,0.0,0.23555,0.11822,0.24804,0.52088,0.07111,0.03022,0.03653,0.0,0.0,0.0,0.0,0.61029,0.09987,0.0,0.0,0.0,0.0,0.0,0.0,0.0,0.0278,0.02514,0.0,0.0,0.0,0.0,0.0,0.0,0.0,0.0,0.0,0.03748,0.15178,0.52997,0.54551,0.63016,0.21387,0.07655,0.47778,0.30127,0.24075,0.2723,0.36292,0.266,0.32309,0.49194
2019_SS_040,0.0,0.0,0.0,0.0,0.0,0.0,0.0,0.0,0.0,0.0,0.0,0.0,0.0,0.0,0.0,0.0,0.0,0.0,0.0,0.0,0.0,0.0084,0.0,0.0,0.0,0.0,0.0,0.13847,0.37162,0.26298,0.02519,0.0,0.0,0.0,0.0,0.04281,0.76558,0.28646,0.05506,0.0,0.0,0.0,0.0,0.0,0.15345,0.23177,0.11992,0.0,0.0,0.0,0.0,0.0,0.0,0.09043,0.0,0.0,0.0,0.0,0.0,0.0,0.0,0.0,0.0,0.0,0.02785,0.07921,0.26604,0.70927,0.64738,0.19586,0.06679,0.39185,0.29186,0.31569,0.35433,0.45848,0.28156,0.28811,0.40444
2019_SS_045,0.0,0.0,0.0,0.0,0.0,0.0,0.0,0.0,0.0,0.0,0.0,0.0,0.0,0.0,0.0,0.0,0.0,0.0,0.0,0.0,0.0,0.0,0.0,0.0,0.0,0.0,0.0,0.78437,0.40465,0.0,0.0,0.0,0.0,0.0,0.17043,0.40539,0.16339,0.02167,0.0,0.0,0.0,0.0,0.0,0.0,0.0,0.02167,0.0,0.0,0.0,0.0,0.0,0.0,0.0,0.0,0.0,0.0,0.0,0.0,0.0,0.0,0.0,0.0,0.0,0.0,0.06018,0.07727,0.13408,0.38546,0.90766,0.09719,0.09186,0.51409,0.23383,0.2486,0.31301,0.25936,0.21511,0.3047,0.56113
2019_SS_049,0.0,0.0,0.0,0.0,0.0,0.0,0.0,0.0,0.0,0.0,0.0,0.0,0.0,0.0,0.0,0.0,0.0,0.0,0.0,0.0,0.0,0.0,0.0,0.0,0.0,0.0,0.0,0.0,0.0,0.0,0.0,0.0,0.0,0.0,0.03295,0.98676,0.15681,0.0,0.0,0.0,0.0,0.0,0.0,0.0,0.02491,0.0,0.0,0.0,0.0,0.0,0.0,0.0,0.0,0.0,0.0,0.0,0.0,0.0,0.0,0.0,0.0,0.0,0.0,0.0,0.06649,0.13415,0.20523,0.71534,0.65096,0.15815,0.05999,0.37481,0.26586,0.25725,0.3267,0.4759,0.3102,0.32793,0.43091
2019_SS_053,0.0,0.0,0.0,0.0,0.0,0.0,0.0,0.0,0.0,0.0,0.0,0.0,0.0,0.0,0.0,0.0,0.0,0.0,0.0,0.0,0.0,0.0,0.0,0.0,0.0,0.00853,0.22583,0.37414,0.04513,0.0,0.0,0.0,0.0,0.0,0.30337,0.83272,0.14119,0.02413,0.0,0.0,0.0,0.0,0.0,0.0,0.02955,0.00853,0.0,0.0,0.0,0.0,0.0,0.0,0.0,0.0,0.0,0.0,0.0,0.0,0.0,0.0,0.0,0.0,0.0,0.0,0.31258,0.79095,0.48991,0.18823,0.03517,0.05981,0.22444,0.68117,0.25042,0.17239,0.15017,0.15398,0.15434,0.22604,0.5678
2019_SS_058,0.0,0.0,0.0,0.0,0.0,0.0,0.0,0.0,0.0,0.0,0.0,0.0,0.0,0.0,0.0,0.0,0.0,0.0,0.0,0.0,0.0,0.0,0.0,0.0,0.0,0.0,0.00873,0.06594,0.03149,0.0,0.0,0.0,0.0,0.0,0.09487,0.8711,0.46731,0.08864,0.0,0.0,0.0,0.0,0.0,0.0,0.01513,0.01747,0.0,0.0,0.0,0.0,0.0,0.0,0.0,0.0,0.0,0.0,0.0,0.0,0.0,0.0,0.0,0.0,0.0,0.0,0.22892,0.56957,0.70099,0.35498,0.07614,0.4985,0.0802,0.50787,0.36912,0.31291,0.27784,0.25978,0.23682,0.32115,0.45167
2019_SS_062,0.0,0.0,0.0,0.0,0.0,0.0,0.0,0.0,0.0,0.0,0.0,0.0,0.0,0.0,0.0,0.0,0.0,0.0,0.0,0.0,0.0,0.0,0.0,0.0,0.0,0.0,0.0,0.37021,0.18955,0.0,0.0,0.0,0.0,0.0,0.17887,0.84774,0.276,0.0138,0.0,0.0,0.0,0.0,0.0,0.0,0.0,0.0,0.0,0.0,0.0,0.0,0.0,0.0,0.0,0.0,0.0,0.0,0.0,0.0,0.0,0.0,0.0,0.0,0.0,0.0,0.14208,0.38541,0.70919,0.49903,0.28158,0.21453,0.04237,0.44888,0.31168,0.29162,0.29984,0.34687,0.27722,0.32005,0.47625
2023_FW_001,0.0,0.0,0.0,0.0,0.0,0.0,0.0,0.0,0.0,0.0,0.0,0.0,0.0,0.0,0.0,0.0,0.0,0.0,0.0,0.0,0.0,0.0,0.0,0.0,0.0,0.0,0.03388,0.22911,0.12457,0.0,0.0,0.0,0.0,0.0,0.00706,0.39997,0.61011,0.34163,0.0538,0.0,0.0,0.0,0.0,0.00706,0.21749,0.31464,0.13101,0.0,0.0,0.0,0.0,0.0,0.04791,0.19753,0.21437,0.0158,0.0,0.0,0.0,0.0,0.0,0.02547,0.13697,0.09237,0.39005,0.4926,0.46455,0.5327,0.32501,0.41677,0.22846,0.60663,0.32689,0.23698,0.16681,0.20891,0.22639,0.32199,0.49253
2023_FW_004,0.0,0.0,0.0,0.0,0.0,0.0,0.0,0.0,0.0,0.0,0.0,0.0,0.0,0.0,0.0,0.0,0.0,0.0,0.0,0.0,0.0,0.0,0.0,0.0,0.0,0.0,0.0,0.10373,0.14669,0.0,0.0,0.0,0.0,0.0,0.0,0.32269,0.60749,0.4329,0.08754,0.0,0.0,0.0,0.0,0.04542,0.29048,0.25552,0.26598,0.06538,0.0,0.0,0.0,0.0,0.0613,0.18129,0.12934,0.05151,0.0,0.0,0.0,0.0,0.0,0.0,0.11324,0.0625,0.40493,0.4878,0.47292,0.4993,0.35374,0.55477,0.1513,0.56484,0.38956,0.28419,0.21495,0.1922,0.2089,0.30292,0.47947
2023_FW_006,0.0,0.0,0.0,0.0,0.0,0.0,0.0,0.0,0.0,0.0,0.0,0.0,0.0,0.0,0.0,0.0,0.0,0.0,0.0,0.0,0.0,0.0,0.0,0.0,0.0,0.0,0.02501,0.08512,0.19786,0.0,0.0,0.0,0.0,0.0,0.21284,0.43769,0.65639,0.08327,0.0,0.0,0.0,0.0,0.0,0.11393,0.32802,0.26792,0.07641,0.0,0.0,0.0,0.0,0.06417,0.12671,0.13832,0.19373,0.03309,0.0,0.0,0.0,0.0,0.0,0.04679,0.0,0.0,0.70609,0.41363,0.35854,0.35738,0.27217,0.57621,0.14815,0.50616,0.39861,0.25255,0.21251,0.22946,0.24669,0.349,0.49057
2023_FW_009,0.0,0.0,0.0,0.0,0.0,0.0,0.0,0.0,0.0,0.0,0.0,0.0,0.0,0.0,0.0,0.0,0.0,0.0,0.0,0.0,0.0,0.0,0.0,0.0,0.0,0.0,0.0,0.0,0.1128,0.0087,0.0,0.0,0.0,0.0,0.01946,0.14193,0.95093,0.24798,0.01231,0.0,0.0,0.0,0.0,0.0,0.01231,0.01231,0.02132,0.0,0.0,0.0,0.0,0.0,0.0,0.0,0.0,0.0,0.0,0.0,0.0,0.0,0.0,0.0,0.0,0.0,0.20777,0.49544,0.73257,0.40427,0.10623,0.37889,0.05385,0.56328,0.31678,0.23112,0.21063,0.23194,0.23817,0.31984,0.52131
2023_FW_012,0.0,0.0,0.0,0.0,0.0,0.0,0.0,0.0,0.0,0.0,0.0,0.0,0.0,0.0,0.0,0.0,0.0,0.0,0.0,0.0,0.0,0.0,0.0,0.0,0.0,0.0,0.0,0.0,0.18724,0.02299,0.0,0.0,0.0,0.0,0.0,0.09784,0.80178,0.50309,0.10281,0.0,0.0,0.0,0.0,0.0,0.0316,0.10338,0.11546,0.0,0.0,0.0,0.0,0.0,0.0,0.02867,0.08324,0.12475,0.0,0.0,0.0,0.0,0.0,0.0,0.0,0.0,0.20275,0.44194,0.68733,0.50081,0.20086,0.51091,0.07583,0.36797,0.30142,0.29927,0.40809,0.46411,0.30505,0.28813,0.3552
2023_FW_014,0.0,0.0,0.0,0.0,0.0,0.0,0.0,0.0,0.0,0.0,0.0,0.0,0.0,0.0,0.0,0.0,0.0,0.0,0.0,0.0,0.0,0.0,0.0,0.0,0.0,0.0,0.0,0.01309,0.03817,0.0,0.0,0.0,0.0,0.0,0.0,0.64112,0.69734,0.27243,0.03703,0.0,0.0,0.0,0.0,0.0,0.04629,0.12386,0.08928,0.0,0.0,0.0,0.0,0.0,0.0,0.0,0.0,0.0,0.0,0.0,0.0,0.0,0.0,0.0,0.0,0.0,0.39754,0.66126,0.46721,0.2638,0.34178,0.42262,0.22038,0.61807,0.35165,0.21766,0.1378,0.13905,0.20084,0.32536,0.51229
2023_FW_017,0.0,0.0,0.0,0.0,0.0,0.0,0.0,0.0,0.0,0.0,0.0,0.0,0.0,0.0,0.0,0.0,0.0,0.0,0.0,0.0,0.00654,0.0,0.0,0.0,0.0,0.0,0.0,0.0,0.02266,0.0,0.0,0.0,0.0,0.0,0.0,0.29736,0.89982,0.31306,0.0,0.0,0.0,0.0,0.0,0.00654,0.01602,0.04716,0.02851,0.0,0.0,0.0,0.0,0.0,0.0,0.0,0.0,0.0,0.0,0.0,0.0,0.0,0.0,0.0,0.0,0.0,0.26983,0.38997,0.55402,0.6342,0.25684,0.38473,0.09305,0.52643,0.31692,0.27499,0.25372,0.26378,0.23427,0.3264,0.50144
2023_FW_019,0.0,0.0,0.0,0.0,0.0,0.0,0.0,0.0,0.0,0.0,0.0,0.0,0.0,0.0,0.0,0.0,0.0,0.0,0.0,0.0,0.0,0.0,0.0,0.0,0.0,0.0,0.0,0.32437,0.43571,0.0,0.0,0.0,0.0,0.0,0.0,0.7196,0.43216,0.01346,0.0,0.0,0.0,0.0,0.0,0.01346,0.0,0.0,0.0,0.0,0.0,0.0,0.0,0.0,0.0,0.0,0.0,0.0,0.0,0.0,0.0,0.0,0.0,0.0,0.0,0.0,0.08549,0.11262,0.1989,0.52308,0.8166,0.16096,0.00241,0.37836,0.34313,0.35344,0.33555,0.37316,0.33129,0.36633,0.34408
2023_FW_022,0.0,0.0,0.0,0.0,0.0,0.0,0.0,0.0,0.0,0.0,0.0,0.0,0.0,0.0,0.0,0.0,0.0,0.0,0.0,0.0,0.0,0.0,0.0,0.0,0.0,0.0,0.0,0.12605,0.06692,0.0,0.0,0.0,0.0,0.0,0.0,0.94363,0.29546,0.02477,0.0,0.0,0.0,0.0,0.0,0.0,0.02215,0.02824,0.0,0.0,0.0,0.0,0.0,0.0,0.0,0.0,0.0,0.0,0.0,0.0,0.0,0.0,0.0,0.0,0.0,0.0,0.05136,0.19408,0.34462,0.63953,0.65722,0.36525,0.02785,0.43221,0.30171,0.29793,0.33853,0.40135,0.31175,0.31855,0.39881
2023_FW_025,0.0,0.0,0.0,0.0,0.0,0.0,0.0,0.0,0.0,0.0,0.0,0.0,0.0,0.0,0.0,0.0,0.0,0.0,0.0,0.0,0.0,0.0,0.0,0.0,0.0,0.0,0.0,0.01436,0.00829,0.0,0.0,0.0,0.0,0.0,0.14433,0.94583,0.28118,0.02872,0.0,0.0,0.0,0.0,0.02622,0.05178,0.03102,0.00829,0.0,0.0,0.0,0.0,0.0,0.0,0.0,0.0,0.0,0.0,0.0,0.0,0.0,0.0,0.0,0.0,0.0,0.0,0.0949,0.36257,0.7769,0.48519,0.14338,0.37808,0.0457,0.57291,0.30184,0.2338,0.30118,0.31526,0.21051,0.28512,0.45859
2023_FW_027,0.0,0.0,0.0,0.0,0.0,0.0,0.0,0.0,0.0,0.0,0.0,0.0,0.0,0.0,0.0,0.0,0.0,0.0,0.0,0.0,0.0,0.0,0.0,0.0,0.0,0.0,0.0,0.10351,0.11863,0.0,0.0,0.0,0.0,0.0,0.15462,0.96214,0.13442,0.0,0.0,0.0,0.0,0.0,0.08244,0.02366,0.01265,0.0,0.0,0.0,0.0,0.0,0.0,0.0,0.0,0.0,0.0,0.0,0.0,0.0,0.0,0.0,0.0,0.0,0.0,0.0,0.60955,0.36475,0.38439,0.44133,0.39099,0.31728,0.02955,0.49812,0.29866,0.29956,0.31174,0.32458,0.27892,0.33193,0.42713
2023_FW_030,0.0,0.0,0.0,0.0,0.0,0.0,0.0,0.0,0.0,0.0,0.0,0.0,0.0,0.0,0.0,0.0,0.0,0.0,0.0,0.0,0.0,0.01701,0.08037,0.05006,0.0,0.0,0.0,0.10499,0.49125,0.24761,0.08963,0.015,0.0,0.0,0.0,0.70294,0.41085,0.0708,0.0,0.0,0.0,0.0,0.0,0.0,0.01389,0.02659,0.0,0.0,0.0,0.0,0.0,0.0,0.0,0.0,0.0,0.0,0.0,0.0,0.0,0.0,0.0,0.0,0.0,0.0,0.53833,0.40884,0.4199,0.45656,0.39785,0.34452,0.11227,0.34581,0.24732,0.30893,0.45658,0.50156,0.26027,0.26795,0.35248
2023_FW_033,0.0,0.0,0.0,0.0,0.0,0.0,0.0,0.0,0.0,0.0,0.0,0.0,0.0,0.0,0.0,0.0,0.0,0.0,0.0,0.0,0.0,0.0,0.16292,0.28228,0.0,0.0,0.0,0.10673,0.38032,0.3539,0.37884,0.05583,0.0,0.0,0.0,0.64714,0.21484,0.02073,0.0,0.0,0.0,0.0,0.0,0.0,0.01466,0.01639,0.0,0.0,0.0,0.0,0.0,0.0,0.0,0.0,0.0,0.0,0.0,0.0,0.0,0.0,0.0,0.0,0.0,0.0,0.08408,0.30535,0.52307,0.65939,0.43737,0.44521,0.0353,0.36324,0.28313,0.37693,0.39971,0.41787,0.31168,0.28152,0.36748
2023_FW_035,0.0,0.0,0.0,0.0,0.0,0.0,0.0,0.0,0.0,0.0,0.0,0.0,0.0,0.0,0.0,0.0,0.0,0.0,0.0,0.0,0.0,0.0,0.06358,0.0,0.0,0.0,0.0089,0.08992,0.34414,0.23404,0.19909,0.0,0.0,0.0,0.0,0.78517,0.39807,0.0,0.0,0.0,0.0,0.0,0.0,0.0,0.0,0.0,0.0,0.0,0.0,0.0,0.0,0.0,0.0,0.0,0.0,0.0,0.0,0.0,0.0,0.0,0.0,0.0,0.0,0.0,0.51984,0.52651,0.22734,0.4359,0.4592,0.26217,0.01964,0.47513,0.33601,0.2865,0.28859,0.33119,0.28644,0.31278,0.45433
2023_FW_038,0.0,0.0,0.0,0.0,0.0,0.0,0.0,0.0,0.0,0.0,0.0,0.0,0.0,0.0,0.0,0.0,0.0,0.0,0.0,0.0,0.0,0.0,0.03816,0.0,0.0,0.0,0.0,0.05332,0.48654,0.78406,0.20054,0.0,0.0,0.0,0.0,0.30799,0.09567,0.0,0.0,0.0,0.0,0.0,0.0,0.0,0.0,0.0,0.0,0.0,0.0,0.0,0.0,0.0,0.0,0.0,0.0,0.0,0.0,0.0,0.0,0.0,0.0,0.0,0.0,0.0,0.11016,0.13555,0.21327,0.4692,0.83896,0.16886,0.0181,0.49585,0.2627,0.27779,0.28199,0.33502,0.29537,0.3285,0.47016
