look_id,year,season,look_number,designer_era,source,source_url,image_path,pattern,silhouette,notes
2005_SS_001,2005,SS,1,Angela Missoni,Archivio Missoni,https://www.archiviomissoni.org/wp-content/uploads/2005_ESTATE-DONNA.pdf#page=2,images/2005_SS_001.jpg,,,
2005_SS_004,2005,SS,4,Angela Missoni,Archivio Missoni,https://www.archiviomissoni.org/wp-content/uploads/2005_ESTATE-DONNA.pdf#page=5,images/2005_SS_004.jpg,,,
2005_SS_008,2005,SS,8,Angela Missoni,Archivio Missoni,https://www.archiviomissoni.org/wp-content/uploads/2005_ESTATE-DONNA.pdf#page=9,images/2005_SS_008.jpg,,,
2005_SS_011,2005,SS,11,Angela Missoni,Archivio Missoni,https://www.archiviomissoni.org/wp-content/uploads/2005_ESTATE-DONNA.pdf#page=12,images/2005_SS_011.jpg,,,
2005_SS_015,2005,SS,15,Angela Missoni,Archivio Missoni,https://www.archiviomissoni.org/wp-content/uploads/2005_ESTATE-DONNA.pdf#page=16,images/2005_SS_015.jpg,,,
2005_SS_018,2005,SS,18,Angela Missoni,Archivio Missoni,https://www.archiviomissoni.org/wp-content/uploads/2005_ESTATE-DONNA.pdf#page=19,images/2005_SS_018.jpg,,,
2005_SS_022,2005,SS,22,Angela Missoni,Archivio Missoni,https://www.archiviomissoni.org/wp-content/uploads/2005_ESTATE-DONNA.pdf#page=23,images/2005_SS_022.jpg,,,
2005_SS_025,2005,SS,25,Angela Missoni,Archivio Missoni,https://www.archiviomissoni.org/wp-content/uploads/2005_ESTATE-DONNA.pdf#page=26,images/2005_SS_025.jpg,,,
2005_SS_028,2005,SS,28,Angela Missoni,Archivio Missoni,https://www.archiviomissoni.org/wp-content/uploads/2005_ESTATE-DONNA.pdf#page=29,images/2005_SS_028.jpg,,,
2005_SS_032,2005,SS,32,Angela Missoni,Archivio Missoni,https://www.archiviomissoni.org/wp-content/uploads/2005_ESTATE-DONNA.pdf#page=33,images/2005_SS_032.jpg,,,
2005_SS_035,2005,SS,35,Angela Missoni,Archivio Missoni,https://www.archiviomissoni.org/wp-content/uploads/2005_ESTATE-DONNA.pdf#page=36,images/2005_SS_035.jpg,,,
2005_SS_039,2005,SS,39,Angela Missoni,Archivio Missoni,https://www.archiviomissoni.org/wp-content/uploads/2005_ESTATE-DONNA.pdf#page=40,images/2005_SS_039.jpg,,,
2005_SS_042,2005,SS,42,Angela Missoni,Archivio Missoni,https://www.archiviomissoni.org/wp-content/uploads/2005_ESTATE-DONNA.pdf#page=43,images/2005_SS_042.jpg,,,
2005_SS_046,2005,SS,46,Angela Missoni,Archivio Missoni,https://www.archiviomissoni.org/wp-content/uploads/2005_ESTATE-DONNA.pdf#page=47,images/2005_SS_046.jpg,,,
2005_SS_049,2005,SS,49,Angela Missoni,Archivio Missoni,https://www.archiviomissoni.org/wp-content/uploads/2005_ESTATE-DONNA.pdf#page=50,images/2005_SS_049.jpg,,,
