look_id,year,season,look_number,designer_era,source,source_url,image_path,pattern,silhouette,notes,method,silhouette_auto,skin_share,color_1,color_1_share,color_2,color_2_share,color_3,color_3_share,color_4,color_4_share,color_5,color_5_share,colorfulness,brightness,saturation,hue_diversity,pattern_complexity,edge_regularity
2005_SS_001,2005,SS,1,Angela Missoni,Archivio Missoni,https://www.archiviomissoni.org/wp-content/uploads/2005_ESTATE-DONNA.pdf#page=2,images/2005_SS_001.jpg,,,,segmentation,dress,0.1303,#B5A394,0.2979,#A09284,0.2785,#C9B7A6,0.2425,#8E786A,0.1179,#67594F,0.0633,26.3,0.6688,0.1874,0.2147,0.2399,0.1845
2005_SS_004,2005,SS,4,Angela Missoni,Archivio Missoni,https://www.archiviomissoni.org/wp-content/uploads/2005_ESTATE-DONNA.pdf#page=5,images/2005_SS_004.jpg,,,,segmentation,dress,0.3632,#9FB6AD,0.2796,#7FA29C,0.2562,#C2C9BB,0.2213,#638580,0.1583,#525E52,0.0846,35.84,0.6587,0.195,0.4547,0.4572,0.0642
2005_SS_008,2005,SS,8,Angela Missoni,Archivio Missoni,https://www.archiviomissoni.org/wp-content/uploads/2005_ESTATE-DONNA.pdf#page=9,images/2005_SS_008.jpg,,,,segmentation,top,0.7243,#866350,0.2906,#664839,0.2793,#A5806B,0.2177,#3E2A21,0.1154,#C0A594,0.097,34.27,0.5074,0.3908,0.2346,0.6235,0.0179
2005_SS_011,2005,SS,11,Angela Missoni,Archivio Missoni,https://www.archiviomissoni.org/wp-content/uploads/2005_ESTATE-DONNA.pdf#page=12,images/2005_SS_011.jpg,,,,segmentation,dress,0.1769,#D2C2B1,0.2993,#BAA191,0.2872,#D74D5F,0.1742,#8D7D6F,0.1514,#5D3F38,0.0879,69.98,0.7259,0.3035,0.5093,0.3821,0.0126
2005_SS_015,2005,SS,15,Angela Missoni,Archivio Missoni,https://www.archiviomissoni.org/wp-content/uploads/2005_ESTATE-DONNA.pdf#page=16,images/2005_SS_015.jpg,,,,segmentation,dress,0.0943,#C79235,0.2654,#D5A659,0.2465,#C9B08F,0.2134,#AB9264,0.1648,#967031,0.1099,66.78,0.7571,0.5397,0.175,0.1896,0.051
2005_SS_018,2005,SS,18,Angela Missoni,Archivio Missoni,https://www.archiviomissoni.org/wp-content/uploads/2005_ESTATE-DONNA.pdf#page=19,images/2005_SS_018.jpg,,,,segmentation,dress,0.2833,#DDCDBB,0.5943,#CEBDAA,0.2987,#B09C8A,0.0769,#805846,0.0185,#DEC344,0.0116,25.52,0.8289,0.176,0.313,0.0662,0.055
2005_SS_022,2005,SS,22,Angela Missoni,Archivio Missoni,https://www.archiviomissoni.org/wp-content/uploads/2005_ESTATE-DONNA.pdf#page=23,images/2005_SS_022.jpg,,,,segmentation,top,0.7074,#C5C2AB,0.2665,#97A189,0.2563,#B07F65,0.2022,#77614C,0.1971,#2A2520,0.0779,47.9,0.6272,0.2874,0.6738,0.3403,0.0754
2005_SS_025,2005,SS,25,Angela Missoni,Archivio Missoni,https://www.archiviomissoni.org/wp-content/uploads/2005_ESTATE-DONNA.pdf#page=26,images/2005_SS_025.jpg,,,,segmentation,dress,0.3748,#DDC379,0.3534,#C8B497,0.2401,#C5A763,0.1975,#E6D3A1,0.1744,#95753A,0.0346,47.35,0.8243,0.3891,0.0592,0.1404,0.0159
2005_SS_028,2005,SS,28,Angela Missoni,Archivio Missoni,https://www.archiviomissoni.org/wp-content/uploads/2005_ESTATE-DONNA.pdf#page=29,images/2005_SS_028.jpg,,,,segmentation,dress,0.4052,#EDBE54,0.4656,#D5A243,0.1965,#DDC0A0,0.1943,#AE947B,0.0888,#875825,0.0548,75.41,0.8553,0.5533,0.175,0.1789,0.03
2005_SS_032,2005,SS,32,Angela Missoni,Archivio Missoni,https://www.archiviomissoni.org/wp-content/uploads/2005_ESTATE-DONNA.pdf#page=33,images/2005_SS_032.jpg,,,,segmentation,top+trousers,0.1844,#D6D3C7,0.3356,#C0BAAA,0.2397,#A69B8A,0.2293,#8A7B6B,0.1511,#5E5346,0.0444,20.62,0.7097,0.1333,0.267,0.2669,0.1997
2005_SS_035,2005,SS,35,Angela Missoni,Archivio Missoni,https://www.archiviomissoni.org/wp-content/uploads/2005_ESTATE-DONNA.pdf#page=36,images/2005_SS_035.jpg,,,,segmentation,dress,0.3033,#289FB4,0.4044,#16849C,0.29,#4AAABA,0.1892,#115C73,0.0789,#B79F95,0.0375,77.96,0.6644,0.752,0.0412,0.1387,0.1039
2005_SS_039,2005,SS,39,Angela Missoni,Archivio Missoni,https://www.archiviomissoni.org/wp-content/uploads/2005_ESTATE-DONNA.pdf#page=40,images/2005_SS_039.jpg,,,,segmentation,dress,0.3451,#BDB5A7,0.3257,#DDD6C8,0.3204,#A58F7C,0.2124,#6E8E98,0.0747,#675A4C,0.0668,35.17,0.7414,0.1851,0.4927,0.609,0.125
2005_SS_042,2005,SS,42,Angela Missoni,Archivio Missoni,https://www.archiviomissoni.org/wp-content/uploads/2005_ESTATE-DONNA.pdf#page=43,images/2005_SS_042.jpg,,,,segmentation,dress,0.2098,#BAB6A1,0.2836,#A09E8C,0.2409,#D1CCB9,0.2295,#848473,0.1769,#626354,0.069,23.85,0.6746,0.1433,0.2682,0.4114,0.2221
2005_SS_046,2005,SS,46,Angela Missoni,Archivio Missoni,https://www.archiviomissoni.org/wp-content/uploads/2005_ESTATE-DONNA.pdf#page=47,images/2005_SS_046.jpg,,,,segmentation,dress,0.2526,#CFC0AB,0.292,#B8A58D,0.2709,#7E9281,0.192,#C07D56,0.1393,#72533B,0.1059,55.32,0.7079,0.2998,0.5732,0.3476,0.0221
2005_SS_049,2005,SS,49,Angela Missoni,Archivio Missoni,https://www.archiviomissoni.org/wp-content/uploads/2005_ESTATE-DONNA.pdf#page=50,images/2005_SS_049.jpg,,,,segmentation,dress,0.2652,#CEB68F,0.3084,#CEA75F,0.249,#B3996F,0.2169,#B0873F,0.1755,#684E2E,0.0503,51.52,0.7453,0.4495,0.0634,0.1035,0.0243
